URL,Dernière exploration
https://www.directindustry.com/prod/woma-gmbh/product-15514-2574434.html,2026-02-24
https://www.directindustry.com/pt/prod/labom-mess-und-regeltechnik-gmbh/product-14048-1200697.html,2026-02-24
https://www.directindustry.com/ja/prod/boviar-srl/product-82655-2738533.html,2026-02-24
https://www.directindustry.com/pt/prod/kabelmat-wickeltechnik-gmbh/product-178501-2082739.html,2026-02-24
https://www.directindustry.com/prod/staiger-gmbh-co-kg/product-13760-2030257.html,2026-02-24
https://www.directindustry.com/pt/prod/heatfor-sr/product-232974-2335668.html,2026-02-24
https://www.directindustry.com/ja/prod/t-fluid-solutions/product-69633-602246.html,2026-02-24
https://www.directindustry.com/pt/prod/southco-asia-ltd/product-98741-1839128.html,2026-02-24
https://www.directindustry.com/ja/prod/belt-technologies-europe-limited/product-29973-2639894.html,2026-02-24
https://www.directindustry.com/ja/seizomoto-kogyo-bunya/kiwado-189208.html,2026-02-24
https://www.directindustry.com/pt/prod/safe-rack/product-68849-2079367.html,2026-02-24
https://www.directindustry.com/ja/prod/dimatra/product-139520-1845115.html,2026-02-24
https://www.directindustry.com/pt/fabricante-industrial/bomba-sistema-refrigeracao-116864.html,2026-02-24
https://www.directindustry.com/prod/wenzhou-yeeka-lock-technology-co-ltd/product-245254-2726596.html,2026-02-24
https://pdf.directindustry.com/pdf/graywolf-sensing-solutions/wolfpack-area-monitor/17848-576568.html,2026-02-24
https://www.directindustry.com/prod/ovio-instruments/product-55690-1836035.html,2026-02-24
https://www.directindustry.com/prod/jung-pumpen/product-58063-2566663.html,2026-02-24
https://www.directindustry.com/ja/prod/megger/product-7346-1959431.html,2026-02-24
https://www.directindustry.com/industrial-manufacturer/polyimide-heating-element-88679.html,2026-02-24
https://www.directindustry.com/pt/produto-fabricante/repetidor-comunicacao-gm-international-101416-21547.html,2026-02-24
https://www.directindustry.com/ja/prod/iba-ag/product-69905-728849.html,2026-02-24
https://www.directindustry.com/pt/prod/fuchs-petrolub-se/product-12077-1941503.html,2026-02-24
https://www.directindustry.com/ja/prod/bmc-messsysteme-gmbh/product-63219-407066.html,2026-02-24
https://www.directindustry.com/ja/prod/sinograf-sa/product-158314-1636262.html,2026-02-24
https://www.directindustry.com/pt/prod/pompes-japy/product-50506-2256333.html,2026-02-24
https://www.directindustry.com/pt/prod/nicem/product-214099-2560480.html,2026-02-24
https://www.directindustry.com/prod/tamis-machinery-co/product-58408-963343.html,2026-02-24
https://www.directindustry.com/prod/sinus-jevi-electric-heating-bv/product-160179-1616187.html,2026-02-24
https://www.directindustry.com/industrial-manufacturer/pneumatic-connector-218782.html,2026-02-24
https://www.directindustry.com/pt/prod/metal-work/product-594-2523355.html,2026-02-24
https://www.directindustry.com/pt/prod/parker-pneumatic-division-europe/product-21204-2166473.html,2026-02-24
https://pdf.directindustry.com/pdf/shanghai-zhichuan-electronic-tech-co-ltd/zct230l-lct-ah-e5-37-dual-axis-mems-machinery-tilt-sensor-digital-output/223083-922659.html,2026-02-24
https://www.directindustry.com/prod/automax/product-7630-715711.html,2026-02-24
https://www.directindustry.com/pt/prod/penta-esp/product-8308-2760283.html,2026-02-24
https://www.directindustry.com/ja/prod/asatex-ag/product-166328-2172953.html,2026-02-24
https://www.directindustry.com/prod/dongguan-jinjun-machinery-co-ltd/product-217739-2253636.html,2026-02-24
https://www.directindustry.com/prod/ningbo-sanxing-electric-co-ltd/product-162297-2342362.html,2026-02-24
https://www.directindustry.com/pt/prod/point-klima/product-223847-2733180.html,2026-02-24
https://www.directindustry.com/pt/fabricante-industrial/terminal-rotular-alta-resistencia-191688.html,2026-02-24
https://www.directindustry.com/pt/prod/crown/product-9227-1880267.html,2026-02-24
https://www.directindustry.com/ja/prod/beijing-worldia-diamond-tools-co-ltd/product-121413-2704625.html,2026-02-24
https://pdf.directindustry.com/pdf/zhejiang-changsheng-sliding-bearing-co-ltd-247666.html,2026-02-24
https://www.directindustry.com/prod/rose-plastic/product-6005-1988605.html,2026-02-24
https://www.directindustry.com/prod/boteco/product-31439-1926706.html,2026-02-24
https://pdf.directindustry.com/pdf/fassi-gru-spa/f385a-e-dynamic-f385ra-e-dynamic/82675-642225.html,2026-02-24
https://pdf.directindustry.com/pdf/micron-optics/fbg-sensors-os1100/101517-364923.html,2026-02-24
https://www.directindustry.com/pt/prod/phytron-gmbh/product-7098-464261.html,2026-02-24
https://www.directindustry.com/prod/ephymess-gmbh/product-68891-588788.html,2026-02-24
https://www.directindustry.com/prod/ta-instruments/product-38477-1941255.html,2026-02-24
https://www.directindustry.com/ja/prod/sideros-engineering/product-188222-1842883.html,2026-02-24
https://www.directindustry.com/pt/fabricante-industrial/ferramenta-chanfro-224492.html,2026-02-24
https://www.directindustry.com/prod/leybold/product-13869-1703208.html,2026-02-24
https://pdf.directindustry.com/pt/pdf/tecval-66041.html,2026-02-24
https://www.directindustry.com/pt/fabricante-industrial/botao-comando-2-nf-279569.html,2026-02-24
https://www.directindustry.com/pt/prod/reepack-srl-soc-unip/product-175156-2427753.html,2026-02-24
https://pdf.directindustry.com/pdf/binar-handling-ab/quick-lift-arm-qla-200i/27493-1106786.html,2026-02-24
https://pdf.directindustry.com/pdf/bulmor-industries-13895.html,2026-02-24
https://www.directindustry.com/prod/carpanelli/product-19722-409126.html,2026-02-24
https://www.directindustry.com/prod/shanghai-yongxing-electronic-switch-co-ltd/product-188901-2456337.html,2026-02-24
https://www.directindustry.com/pt/prod/clean-combustion/product-162417-2199391.html,2026-02-24
https://www.directindustry.com/pt/prod/strong-hand-tools/product-86009-1287243.html,2026-02-24
https://www.directindustry.com/pt/prod/fraenkische-industrial-pipes-gmbh-co-kg/product-151173-2695478.html,2026-02-24
https://www.directindustry.com/pt/prod/heidolph-instruments-gmbh-co-kg/product-98431-1410385.html,2026-02-24
https://www.directindustry.com/pt/prod/hubert-schmitz-gmbh-s-gard-schutzkleidung/product-166731-2681072.html,2026-02-24
https://www.directindustry.com/pt/prod/m-tec-mathis-technik/product-4560891-2537872.html,2026-02-24
https://www.directindustry.com/pt/prod/schneider-optical-machines/product-120675-2248519.html,2026-02-24
https://www.directindustry.com/prod/bosche-gmbh-co-kg/product-15824-1828603.html,2026-02-24
https://www.directindustry.com/ja/prod/anhui-arts-crafts-imp-exp-co-ltd/product-224401-2306643.html,2026-02-24
https://www.directindustry.com/pt/prod/schurter/product-7208-2069209.html,2026-02-24
https://pdf.directindustry.com/pdf/sampling-systems-ltd-198790.html,2026-02-24
https://www.directindustry.com/prod/broadcom/product-35140-2022172.html,2026-02-24
https://www.directindustry.com/ja/prod/cmo-srl/product-221257-2749993.html,2026-02-24
https://pdf.directindustry.com/pdf/philips-lumileds-lighting-company/luxeon-altilon-automotive-forward-lighting-source/30998-123308.html,2026-02-24
https://www.directindustry.com/pt/prod/estampaciones-ebro-sl/product-69346-2590913.html,2026-02-24
https://pdf.directindustry.com/pt/pdf/fermat-cz-sro-58359.html,2026-02-24
https://www.directindustry.com/prod/tech-euroengineering-214639.html,2026-02-24
https://www.directindustry.com/ja/prod/hunan-sundy-science-and-technology-co-ltd-122551.html,2026-02-24
https://pdf.directindustry.com/pdf/leica-geosystems/leica-absolute-interferometer-white-paper/14324-172935.html,2026-02-24
https://www.directindustry.com/ja/seizomoto-kogyo-bunya/kiwado-247109.html,2026-02-24
https://www.directindustry.com/pt/prod/sinograf-sa/product-158314-1636563.html,2026-02-24
https://www.directindustry.com/prod/flowtech-measuring-instruments-pvt-ltd/product-229489-2339326.html,2026-02-24
https://www.directindustry.com/prod/motori-bonora-spa/product-214103-2296328.html,2026-02-24
https://www.directindustry.com/pt/prod/rad-source-ndt/product-246201-2524864.html,2026-02-24
https://www.directindustry.com/ja/prod/hurco-gmbh-werkzeugmaschinen/product-5650-2517052.html,2026-02-24
https://pdf.directindustry.com/pdf/blue-hydraulic-sp-z-oo/telescopic-cylinder/4600972-1118881.html,2026-02-24
https://www.directindustry.com/ja/prod/isotta-fraschini-motori-spa/product-244914-2623963.html,2026-02-24
https://www.directindustry.com/prod/cleanfix-reinigungssysteme-ag/product-201080-2034306.html,2026-02-24
https://www.directindustry.com/prod/ivek-corporation/product-96031-2554800.html,2026-02-24
https://www.directindustry.com/prod/rigchina-group-company/product-39431-1862538.html,2026-02-24
https://www.directindustry.com/prod/paslode/product-27595-2369832.html,2026-02-24
https://www.directindustry.com/prod/arcus-technology-69345.html,2026-02-24
https://www.directindustry.com/ja/prod/fulleon/product-28263-1545689.html,2026-02-24
https://www.directindustry.com/ja/prod/wacker-neuson-se/product-41156-2501411.html,2026-02-24
https://www.directindustry.com/prod/kanthal/product-33240-2358606.html,2026-02-24
https://www.directindustry.com/prod/sumitomo-shi-cyclo-drive-germany-gmbh/product-317-11446.html,2026-02-24
https://www.directindustry.com/prod/vinco/product-4560105-2545907.html,2026-02-24
https://www.directindustry.com/product-manufacturer/bosch-fuel-oil-boiler-214207-31897.html,2026-02-24
https://pdf.directindustry.com/pdf/ocean-industry/pulleys/71011-927776.html,2026-02-24
https://www.directindustry.com/ja/prod/lisec/product-190747-2730717.html,2026-02-24
https://www.directindustry.com/ja/prod/hefei-better-technology-co-ltd/product-4571042-2704945.html,2026-02-24
https://www.directindustry.com/pt/prod/yangtze-optical-electronic-company-ltd/product-142333-2564160.html,2026-02-24
https://pdf.directindustry.com/ja/pdf/seform-electronics-co-ltd-4562014.html,2026-02-24
https://pdf.directindustry.com/pdf/richard-peiris-exports-plc/entrance-mats/196434-741805.html,2026-02-24
https://pdf.directindustry.com/pdf/holykell/hpt200-ht/198557-984787.html,2026-02-24
https://www.directindustry.com/ja/prod/exergen-global/product-161950-1691160.html,2026-02-24
https://trends.directindustry.com/list/veolia-water-sti-25260.html,2026-02-24
https://www.directindustry.com/pt/prod/manergo/product-7839-2728185.html,2026-02-24
https://www.directindustry.com/pt/prod/schlebach-gmbh/product-117813-1221825.html,2026-02-24
https://www.directindustry.com/prod/pressix/product-4597527-2733468.html,2026-02-24
https://www.directindustry.com/ja/seizomoto-kogyo-bunya/kiwado-277230.html,2026-02-24
https://www.directindustry.com/pt/prod/visiott-teknoloji-san-ve-tic-ltd-sti/product-4599024-2805808.html,2026-02-24
https://www.directindustry.com/pt/prod/hypro-pressure-cleaning/product-24464-745831.html,2026-02-24
https://www.directindustry.com/ja/prod/aczet-pvt-ltd/product-67215-1874621.html,2026-02-24
https://www.directindustry.com/prod/circutor/product-11644-1769486.html,2026-02-24
https://www.directindustry.com/prod/hangzhou-color-powder-coating-equipment-ltd/product-67444-1080707.html,2026-02-24
https://www.directindustry.com/pt/prod/visiott-teknoloji-san-ve-tic-ltd-sti/product-4599024-2805802.html,2026-02-24
https://pdf.directindustry.com/ja/pdf/renner-kompressoren-28964.html,2026-02-24
https://www.directindustry.com/pt/fabricante-industrial/esvaziador-sacos-big-bags-228913-_2.html,2026-02-24
https://www.directindustry.com/pt/prod/brown-international-corporation-llc/product-209563-2133885.html,2026-02-24
https://www.directindustry.com/pt/prod/anders-electronics/product-238129-2774922.html,2026-02-24
https://pdf.directindustry.com/pdf/smiths-interconnect/snap12/7638-935583.html,2026-02-24
https://www.directindustry.com/prod/magnum-venus-products/product-39130-1315639.html,2026-02-24
https://www.directindustry.com/prod/ats-tanner-gmbh-banderoliersysteme/product-4567799-2563059.html,2026-02-24
https://pdf.directindustry.com/pdf/edwards/nxds-accessories/7014-644962.html,2026-02-24
https://pdf.directindustry.com/pdf/mikron-group/multistar-english-pdf/5710-263313.html,2026-02-24
https://www.directindustry.com/ja/prod/makishinko-co-ltd/product-233756-2397447.html,2026-02-24
https://www.directindustry.com/prod/mobilhybrid-pv4life-gmbh/product-191903-2254301.html,2026-02-24
https://www.directindustry.com/pt/prod/dsti-dynamic-sealing-technologies/product-17077-473034.html,2026-02-24
https://www.directindustry.com/pt/prod/sterivalves-srl/product-120645-1416407.html,2026-02-24
https://pdf.directindustry.com/pdf/octofrost-group-175079.html,2026-02-24
https://www.directindustry.com/pt/prod/danfoss-refrigeration-air-conditioning/product-35691-2059687.html,2026-02-24
https://www.directindustry.com/pt/prod/itech-electronic-co-ltd/product-210115-2141067.html,2026-02-24
https://www.directindustry.com/industrial-manufacturer/dry-ice-pelletizer-touch-screen-265537.html,2026-02-24
https://www.directindustry.com/pt/prod/lifud/product-4570857-2672929.html,2026-02-24
https://www.directindustry.com/prod/peintures-maestria/product-4607393-2754094.html,2026-02-24
https://www.directindustry.com/ja/prod/mc-technologies-gmbh/product-151248-2570158.html,2026-02-24
https://www.directindustry.com/pt/prod/nextech/product-4596590-2672860.html,2026-02-24
https://www.directindustry.com/pt/prod/w-p-products/product-34366-408342.html,2026-02-24
https://www.directindustry.com/prod/ritmo-spa/product-25391-501920.html,2026-02-24
https://www.directindustry.com/pt/prod/bigrep-gmbh/product-180317-1801994.html,2026-02-24
https://www.directindustry.com/prod/gram-group/product-126989-2473382.html,2026-02-24
https://www.directindustry.com/pt/prod/versa-matic/product-156080-2635370.html,2026-02-24
https://pdf.directindustry.com/pdf/nscrypt-inc/3dn-series/246134-1017866.html,2026-02-24
https://www.directindustry.com/pt/prod/tbi-industries/product-16210-876063.html,2026-02-24
https://www.directindustry.com/ja/prod/deutz/product-5761-603972.html,2026-02-24
https://pdf.directindustry.com/pdf/crouzet/millenium-3-millenium-evo-em4-accessories-temperature-sensors/7457-830113.html,2026-02-24
https://www.directindustry.com/prod/boden-hydraulics-co-ltd/product-4605232-2768682.html,2026-02-24
https://www.directindustry.com/prod/xeryon/product-209741-2127483.html,2026-02-24
https://www.directindustry.com/product-manufacturer/dino-lite-real-time-microscope-134170-34144.html,2026-02-24
https://www.directindustry.com/industrial-manufacturer/platform-ladder-254336.html,2026-02-24
https://www.directindustry.com/ja/prod/dunkermotoren-gmbh/product-14411-474552.html,2026-02-24
https://www.directindustry.com/industrial-manufacturer/30-tons-jack-257760.html,2026-02-24
https://www.directindustry.com/pt/prod/led/product-39225-2222249.html,2026-02-24
https://www.directindustry.com/ja/prod/sensy-s-a/product-22186-763649.html,2026-02-24
https://www.directindustry.com/pt/prod/rf-systems/product-172421-2331858.html,2026-02-24
https://www.directindustry.com/prod/sandvik-coromant/product-14460-2598315.html,2026-02-24
https://pdf.directindustry.com/pdf/omega/wireless-bore-scope-hhb1800/19150-123190.html,2026-02-24
https://www.directindustry.com/industrial-manufacturer/shipbuilding-self-propelled-trailer-240451.html,2026-02-24
https://www.directindustry.com/industrial-manufacturer/liquids-dispenser-144344-_2.html,2026-02-24
https://www.directindustry.com/pt/prod/fom-industrie-aluminium-working-machinery/product-27866-2760027.html,2026-02-24
https://www.directindustry.com/ja/prod/jbt-corporation/product-236433-2782981.html,2026-02-24
https://www.directindustry.com/ja/prod/kngear/product-207243-2284973.html,2026-02-24
https://www.directindustry.com/pt/prod/dirickx/product-7840-2433846.html,2026-02-24
https://www.directindustry.com/ja/prod/ifm-electronic/product-544-1916619.html,2026-02-24
https://www.directindustry.com/industrial-manufacturer/straight-nutrunner-112082.html,2026-02-24
https://pdf.directindustry.com/pdf/shenzhen-wlink-technology-co-ltd/wlink-product-brochure-2023/125989-948100.html,2026-02-24
https://www.directindustry.com/prod/ortac/product-56194-2448281.html,2026-02-24
https://www.directindustry.com/ja/prod/vermeer-manufacturing/product-22663-1738913.html,2026-02-24
https://www.directindustry.com/prod/finna-sensors/product-4594575-2613888.html,2026-02-24
https://www.directindustry.com/industrial-manufacturer/fieldbus-plc-202649.html,2026-02-24
https://www.directindustry.com/prod/cmd/product-11970-2621259.html,2026-02-24
https://www.directindustry.com/pt/prod/ms-ultraschall-technologie-gmbh/product-164682-1929558.html,2026-02-24
https://www.directindustry.com/prod/hont-electrical-co-ltd/product-227642-2364833.html,2026-02-24
https://www.directindustry.com/industrial-manufacturer/medium-power-laser-head-235911.html,2026-02-24
https://www.directindustry.com/prod/victor/product-7411-781985.html,2026-02-24
https://www.directindustry.com/ja/prod/dr-neumann-peltier-technik-gmbh-240902.html,2026-02-24
https://www.directindustry.com/ja/prod/macpresse-europa-sl/product-109613-1551379.html,2026-02-24
https://www.directindustry.com/ja/prod/sandvik-materials-technology/product-14608-2512224.html,2026-02-24
https://pdf.directindustry.com/pdf/gates/poly-chain-gt-carbon-5mgt-sell-sheet/38417-1023434.html,2026-02-24
https://www.directindustry.com/prod/fiessler-elektronik/product-14485-1549589.html,2026-02-24
https://www.directindustry.com/prod/mbs-balance-system-gmbh/product-168497-2278578.html,2026-02-24
https://www.directindustry.com/pt/prod/robot-food-technologies-germany-gmbh/product-97199-2399816.html,2026-02-24
https://www.directindustry.com/prod/cambridge-sensotec/product-14678-649935.html,2026-02-24
https://www.directindustry.com/pt/prod/dta/product-37720-1515347.html,2026-02-24
https://www.directindustry.com/prod/erdwich-zerkleinerungs-systeme-gmbh/product-33322-1050359.html,2026-02-24
https://www.directindustry.com/ja/prod/triax/product-8080-1066293.html,2026-02-24
https://www.directindustry.com/prod/senix-corporation/product-162285-2400812.html,2026-02-24
https://trends.directindustry.com/airmar-technology/project-58581-1143205.html,2026-02-24
https://www.directindustry.com/ja/prod/highton-electronics-co-ltd/product-242380-2742740.html,2026-02-24
https://www.directindustry.com/prod/comparato-nello-srl/product-181525-2332417.html,2026-02-24
https://www.directindustry.com/product-manufacturer/ggb-maintenance-free-plain-bearing-206685-34518.html,2026-02-24
https://www.directindustry.com/pt/prod/hawle/product-4605367-2740285.html,2026-02-24
https://pdf.directindustry.com/pt/pdf/dse-inc-24295.html,2026-02-24
https://www.directindustry.com/ja/prod/uni-klinger-limited/product-124777-1660971.html,2026-02-24
https://www.directindustry.com/industrial-manufacturer/fiber-optic-testing-device-196940.html,2026-02-24
https://www.directindustry.com/prod/xinxiang-magicart-cranes-co-ltd/product-4603093-2742357.html,2026-02-24
https://pdf.directindustry.com/pdf/tipton-corp/hvt-got-long-life-abrasive-media/222204-916253.html,2026-02-24
https://www.directindustry.com/industrial-manufacturer/granulate-sorter-267988.html,2026-02-24
https://www.directindustry.com/pt/fabricante-industrial/termorregulador-automatico-284964.html,2026-02-24
https://www.directindustry.com/prod/ewikon-heisskanalsysteme-gmbh/product-20468-45863.html,2026-02-24
https://pdf.directindustry.com/pdf/telit/els63/247711-1113746.html,2026-02-24
https://www.directindustry.com/ja/prod/lissmac-maschinenbau-gmbh/product-35007-1065397.html,2026-02-24
https://www.directindustry.com/prod/aqseptence-group-21060.html,2026-02-24
https://www.directindustry.com/ja/prod/plevnik-doo-engineering-and-production/product-193717-2108331.html,2026-02-24
https://www.directindustry.com/ja/seizomoto-kogyo-bunya/kiwado-261165.html,2026-02-24
https://www.directindustry.com/prod/lika-smart-encoders-actuators/product-14943-2749958.html,2026-02-24
https://www.directindustry.com/prod/mf-tecno-massini-industries-srl/product-96489-2790715.html,2026-02-24
https://www.directindustry.com/pt/prod/montabert/product-34536-2504165.html,2026-02-24
https://pdf.directindustry.com/pt/pdf/palfinger-17586.html,2026-02-24
https://www.directindustry.com/ja/prod/mindvision/product-4605927-2750473.html,2026-02-24
https://www.directindustry.com/pt/prod/ets-didactic-gmbh-elabo-training-systems/product-240911-2462211.html,2026-02-24
https://www.directindustry.com/pt/prod/omia/product-12806-58125.html,2026-02-24
https://www.directindustry.com/pt/fabricante-industrial/junta-rotativa-latao-145520.html,2026-02-24
https://www.directindustry.com/pt/prod/eichenberger-gewinde/product-13697-2618978.html,2026-02-24
https://pdf.directindustry.com/ja/pdf/luxo-asa-29126.html,2026-02-24
https://www.directindustry.com/ja/prod/kobold-instrumentation/product-8996-483081.html,2026-02-24
https://www.directindustry.com/ja/prod/vag-group/product-26045-1884457.html,2026-02-24
https://www.directindustry.com/pt/prod/hexacon/product-4609428-2804612.html,2026-02-24
https://www.directindustry.com/pt/prod/buerkert-fluid-control-systems/product-404-503909.html,2026-02-24
https://www.directindustry.com/prod/t-fluid-solutions/product-69633-603026.html,2026-02-24
https://www.directindustry.com/pt/prod/american-aerospace-controls/product-134413-1563479.html,2026-02-24
https://www.directindustry.com/industrial-manufacturer/threaded-temperature-sensor-139012.html,2026-02-24
https://www.directindustry.com/prod/a2v-mecatronique/product-125043-2734556.html,2026-02-24
https://www.directindustry.com/industrial-manufacturer/compact-cart-145237.html,2026-02-24
https://www.directindustry.com/pt/prod/ringspann/product-14886-673003.html,2026-02-24
https://www.directindustry.com/prod/sanlixin-solenoid-valve-co-ltd-206847.html,2026-02-24
https://www.directindustry.com/industrial-manufacturer/large-part-electrical-discharge-machine-193297.html,2026-02-24
https://www.directindustry.com/prod/ird-balancing/product-58542-2284272.html,2026-02-24
https://pdf.directindustry.com/pdf/komatsu-construction-mining-equipment/d68ess-12/20626-409067.html,2026-02-24
https://www.directindustry.com/prod/simex-srl/product-61667-2081731.html,2026-02-24
https://pdf.directindustry.com/pdf/cranford-controls/drw-series/238199-1113549.html,2026-02-24
https://www.directindustry.com/prod/jenoptik-ag/product-17967-2510858.html,2026-02-24
https://www.directindustry.com/pt/prod/greencityzen/product-198336-2312843.html,2026-02-24
https://www.directindustry.com/ja/prod/erkur-thermoforming-machinery/product-233740-2387475.html,2026-02-24
https://www.directindustry.com/prod/shinewell-test-solutions-limited/product-238666-2405268.html,2026-02-24
https://www.directindustry.com/ja/prod/italiana-macchi/product-100879-1362983.html,2026-02-24
https://www.directindustry.com/ja/seizomoto-kogyo-bunya/kiwado-81510.html,2026-02-24
https://www.directindustry.com/prod/focus-sensing-control-technology-co-ltd/product-162155-2069369.html,2026-02-24
https://www.directindustry.com/prod/geku-getriebe-kupplung-technologie-gmbh-4563486.html,2026-02-24
https://www.directindustry.com/prod/jwell-extrusion-machinery-co-ltd-shanghai/product-73842-1728129.html,2026-02-24
https://www.directindustry.com/pt/prod/hach/product-14401-2530878.html,2026-02-24
https://pdf.directindustry.com/pdf/ilme/jei-catalogue/39355-664701.html,2026-02-24
https://www.directindustry.com/industrial-manufacturer/granite-finishing-machine-277450.html,2026-02-24
https://www.directindustry.com/prod/weerg/product-4569617-2643622.html,2026-02-24
https://www.directindustry.com/prod/adp-conseil/product-156790-2020797.html,2026-02-24
https://www.directindustry.com/pt/prod/hexarmor/product-122003-1359515.html,2026-02-24
https://www.directindustry.com/pt/prod/simaco-elettromeccanica/product-223182-2813072.html,2026-02-24
https://pdf.directindustry.com/pdf/arc-machines-inc/model-81-smalldiameter-pipe-weld-head/9246-234488.html,2026-02-24
https://www.directindustry.com/prod/shandong-gettop-acoustic-company/product-239538-2406040.html,2026-02-24
https://www.directindustry.com/pt/prod/intertec-hess-gmbh/product-25113-1042089.html,2026-02-24
https://www.directindustry.com/pt/prod/rosit-gmbh/product-4605399-2822999.html,2026-02-24
https://www.directindustry.com/ja/prod/amer/product-14109-1112331.html,2026-02-24
https://www.directindustry.com/ja/prod/ai-li-china-test-equipment-co-ltd/product-115689-2027362.html,2026-02-24
https://www.directindustry.com/industrial-manufacturer/380-v-freezer-261324.html,2026-02-24
https://www.directindustry.com/ja/prod/f-h-schule-muehlenbau/product-37592-1878414.html,2026-02-24
https://www.directindustry.com/prod/mikrodev/product-4563035-2589078.html,2026-02-24
https://pdf.directindustry.com/pdf/valdinox/valdinox-product-catalogue/98617-971832.html,2026-02-24
https://www.directindustry.com/ja/prod/sennebogen-maschinenfabrik-gmbh/product-40145-1538417.html,2026-02-24
https://pdf.directindustry.com/pdf/beijing-breeze-technology-co-ltd/breeze-v3-w3d15-datasheet/4608772-1111273.html,2026-02-24
https://www.directindustry.com/industrial-manufacturer/glass-cleaning-machine-252863.html,2026-02-24
https://www.directindustry.com/pt/prod/thyracont-vacuum-instruments-gmbh/product-39352-1712893.html,2026-02-24
https://pdf.directindustry.com/pdf/jc-cherry-inc/pdhs254-nb15-s-series/4560550-1074441.html,2026-02-24
https://www.directindustry.com/ja/prod/eriez/product-19120-2031106.html,2026-02-24
https://www.directindustry.com/prod/panozzo-srl/product-53882-2628436.html,2026-02-24
https://www.directindustry.com/industrial-manufacturer/profibus-i-o-module-200516.html,2026-02-24
https://pdf.directindustry.com/pdf/zygo/pmi-vs-fringe-analysis/18003-1017404.html,2026-02-24
https://www.directindustry.com/industrial-manufacturer/plug-detector-264086.html,2026-02-24
https://www.directindustry.com/pt/prod/satake/product-211643-2195095.html,2026-02-24
https://www.directindustry.com/prod/wire-belt-company-osterloh-gmbh/product-191786-2104735.html,2026-02-24
https://www.directindustry.com/prod/orbray-co-ltd/product-20480-2685098.html,2026-02-24
https://pdf.directindustry.com/pdf/cimbria/continuous-flow-dryer/212051-1037544.html,2026-02-24
https://www.directindustry.com/prod/tes-car-srl/product-99606-1197803.html,2026-02-24
https://www.directindustry.com/prod/anyang-xinsheng-machine-tool-co-ltd/product-239510-2411613.html,2026-02-24
https://www.directindustry.com/pt/prod/top-seiko-co-ltd/product-234256-2384412.html,2026-02-24
https://www.directindustry.com/prod/interroll/product-66453-2444750.html,2026-02-24
https://www.directindustry.com/prod/huarong-plastic-machinery-co-ltd/product-76080-1668225.html,2026-02-24
https://www.directindustry.com/pt/prod/neue-herbold-maschinen-u-anlagenbau-gmbh/product-50063-1557431.html,2026-02-24
https://trends.directindustry.com/huarong-plastic-machinery-co-ltd/project-76080-1158997.html,2026-02-24
https://www.directindustry.com/ja/prod/comestero-sistemi/product-72374-649749.html,2026-02-24
https://www.directindustry.com/ja/prod/terex-mobile-processing-equipment/product-50382-2501521.html,2026-02-24
https://www.directindustry.com/prod/a-w-chesterton-company/product-17469-2150663.html,2026-02-24
https://www.directindustry.com/prod/goss-products/product-140999-2050259.html,2026-02-24
https://www.directindustry.com/prod/hydraulic-technologies/product-7653-55889.html,2026-02-24
https://www.directindustry.com/pt/prod/witt-gasetechnik/product-29840-1816657.html,2026-02-24
https://www.directindustry.com/prod/nanxing-machinery/product-117105-2365738.html,2026-02-24
https://www.directindustry.com/pt/prod/anest-iwata/product-154311-1585151.html,2026-02-24
https://www.directindustry.com/prod/bancali-srls/product-4606291-2747361.html,2026-02-24
https://www.directindustry.com/prod/atis-srl/product-38831-2780949.html,2026-02-24
https://www.directindustry.com/ja/prod/yulishih-industrial-co-ltd/product-69384-711373.html,2026-02-24
https://www.directindustry.com/prod/piusi/product-14064-509953.html,2026-02-24
https://www.directindustry.com/ja/prod/pce-deutschland-gmbh/product-37414-2382819.html,2026-02-24
https://www.directindustry.com/prod/shandong-raytu-laser-technology-co-ltd/product-241894-2480666.html,2026-02-24
https://www.directindustry.com/ja/seihin-seizomoto/qlightnoled-zhao-ming-73892-35618.html,2026-02-24
https://www.directindustry.com/prod/op-srl/product-17876-652025.html,2026-02-24
https://www.directindustry.com/ja/prod/vneshtorg-micron/product-63357-2593020.html,2026-02-24
https://www.directindustry.com/ja/prod/fresenius-umwelttechnik-gmbh/product-89435-2723892.html,2026-02-24
https://www.directindustry.com/prod/accurate-sensors-technologies-pvt-ltd/product-24169-2117923.html,2026-02-24
https://www.directindustry.com/pt/prod/neue-herbold-maschinen-u-anlagenbau-gmbh/product-50063-449716.html,2026-02-24
https://www.directindustry.com/prod/umoto-hcfa/product-244337-2469061.html,2026-02-24
https://www.directindustry.com/prod/infypower/product-4563482-2786372.html,2026-02-24
https://pdf.directindustry.com/pdf/dow-corning/molykote-br-2/21122-341349.html,2026-02-24
https://www.directindustry.com/pt/prod/migatronic-welding-equipment-ltd/product-14480-2590564.html,2026-02-24
https://www.directindustry.com/pt/prod/migatronic-welding-equipment-ltd/product-14480-2590020.html,2026-02-24
https://www.directindustry.com/pt/prod/migatronic-welding-equipment-ltd/product-14480-2590028.html,2026-02-24
https://www.directindustry.com/pt/prod/migatronic-welding-equipment-ltd/product-14480-2590477.html,2026-02-24
https://www.directindustry.com/pt/prod/shenzhen-xinzhong-plastic/product-245955-2709822.html,2026-02-24
https://www.directindustry.com/pt/fabricante-industrial/regulador-pressao-industrial-226185.html,2026-02-24
https://www.directindustry.com/pt/prod/migatronic-welding-equipment-ltd/product-14480-1629866.html,2026-02-24
https://www.directindustry.com/pt/prod/migatronic-welding-equipment-ltd/product-14480-2590577.html,2026-02-24
https://www.directindustry.com/pt/prod/e-con-systems-168594.html,2026-02-24
https://www.directindustry.com/pt/prod/hedi-gmbh/product-62344-474433.html,2026-02-24
https://www.directindustry.com/pt/prod/migatronic-welding-equipment-ltd/product-14480-984725.html,2026-02-24
https://www.directindustry.com/prod/dadaux-sas/product-162316-2567779.html,2026-02-24
https://www.directindustry.com/prod/portwest-clothing-ltd/product-57230-2691943.html,2026-02-24
https://www.directindustry.com/pt/prod/migatronic-welding-equipment-ltd/product-14480-1629763.html,2026-02-24
https://www.directindustry.com/pt/prod/migatronic-welding-equipment-ltd/product-14480-2234025.html,2026-02-24
https://www.directindustry.com/pt/prod/migatronic-welding-equipment-ltd/product-14480-2590010.html,2026-02-24
https://www.directindustry.com/pt/fabricante-industrial/maquina-estacionaria-solda-80036.html,2026-02-24
https://www.directindustry.com/pt/fabricante-industrial/regulador-pressao-gas-144516.html,2026-02-24
https://www.directindustry.com/pt/prod/migatronic-welding-equipment-ltd/product-14480-2590025.html,2026-02-24
https://www.directindustry.com/pt/fabricante-industrial/maquina-solda-portatil-141282.html,2026-02-24
https://www.directindustry.com/pt/prod/migatronic-welding-equipment-ltd/product-14480-1629821.html,2026-02-24
https://www.directindustry.com/pt/prod/hyton-heavy-industry-technology-development-compan/product-228665-2343368.html,2026-02-24
https://www.directindustry.com/pt/prod/migatronic-welding-equipment-ltd/product-14480-2590027.html,2026-02-24
https://pdf.directindustry.com/pdf/bitzer/water-cooled-condensers-desuperheaters-dp-200-4/17562-114439.html,2026-02-24
https://pdf.directindustry.com/pdf/alufar-llc/w-50/4604952-1092167.html,2026-02-24
https://pdf.directindustry.com/pdf/mixaco-maschinenbau/brochure-mixaco-container-mixer-i4/197155-957264.html,2026-02-24
https://pdf.directindustry.com/pdf/bak-technology-ltd/rion-hot-air-welding-tool/73654-877125.html,2026-02-24
https://www.directindustry.com/industrial-manufacturer/hdmi-connector-93900.html,2026-02-24
https://www.directindustry.com/prod/minibooster/product-199243-1998243.html,2026-02-24
https://www.directindustry.com/prod/iscar-tools/product-5692-1624894.html,2026-02-24
https://www.directindustry.com/ja/prod/nock-maschinenbau-gmbh/product-175071-2787995.html,2026-02-24
https://www.directindustry.com/pt/fabricante-industrial/centro-usinagem-furacao-213827.html,2026-02-24
https://www.directindustry.com/pt/fabricante-industrial/coladeira-borda-madeira-213361.html,2026-02-24
https://www.directindustry.com/pt/fabricante-industrial/centro-usinagem-horizontal-79782.html,2026-02-24
https://www.directindustry.com/pt/prod/kenyeri-engineering-manufacturing/product-247558-2516042.html,2026-02-24
https://www.directindustry.com/pt/prod/osa-opto-238414.html,2026-02-24
https://www.directindustry.com/prod/rae-systems/product-18086-2348477.html,2026-02-24
https://www.directindustry.com/prod/jianhu-jielin-petrochemical-machinery-co-ltd/product-228746-2353031.html,2026-02-24
https://www.directindustry.com/prod/jbt-corporation/product-236433-2483409.html,2026-02-24
https://www.directindustry.com/prod/am3p-projection/product-4605073-2733937.html,2026-02-24
https://www.directindustry.com/prod/necron-energy-turkey/product-140504-2658185.html,2026-02-24
https://www.directindustry.com/product-manufacturer/topway-information-display-163306-36181.html,2026-02-24
https://www.directindustry.com/ja/seizomoto-kogyo-bunya/kiwado-271978.html,2026-02-24
https://www.directindustry.com/industrial-manufacturer/automatic-measuring-system-90796-_3.html,2026-02-24
https://www.directindustry.com/industrial-manufacturer/cleaning-roller-brush-149251.html,2026-02-24
https://www.directindustry.com/prod/vls-technologies/product-78913-1737314.html,2026-02-24
https://www.directindustry.com/pt/prod/shandong-dongtai-machinery-manufacturing-co-ltd/product-201525-2608783.html,2026-02-24
https://pdf.directindustry.com/pdf/paschal-werk-g-maier-gmbh/stacking-pallet/56383-720014.html,2026-02-24
https://www.directindustry.com/prod/italifters/product-4605171-2733106.html,2026-02-24
https://www.directindustry.com/ja/prod/omve-lab-pilot-equipment/product-50514-2347349.html,2026-02-24
https://www.directindustry.com/pt/fabricante-industrial/software-solucoes-corte-109935.html,2026-02-24
https://www.directindustry.com/pt/prod/lobtex-co-ltd/product-110495-2653751.html,2026-02-24
https://www.directindustry.com/ja/prod/ipdia/product-158139-2627085.html,2026-02-24
https://www.directindustry.com/pt/prod/unilift/product-160639-2277169.html,2026-02-24
https://www.directindustry.com/prod/retsch-gmbh/product-19308-409183.html,2026-02-24
https://www.directindustry.com/pt/prod/mecamaq/product-57501-2731098.html,2026-02-24
https://www.directindustry.com/pt/fabricante-industrial/envasadora-sacos-com-valvula-108822.html,2026-02-24
https://www.directindustry.com/pt/fabricante-industrial/pingadeira-massa-manteiga-270591.html,2026-02-24
https://www.directindustry.com/prod/noris-armaturen-burkenstein-gmbh-co-kg/product-107821-1079941.html,2026-02-24
https://pdf.directindustry.com/pdf/sentop-shanghai-sibo-m-e-co-ltd/magnetic-encoder-ei40a/235548-991701.html,2026-02-24
https://www.directindustry.com/industrial-manufacturer/hydraulic-bolt-tensioner-104808.html,2026-02-24
https://pdf.directindustry.com/pdf/riels-instruments/tricor/70609-989416.html,2026-02-24
https://pdf.directindustry.com/pdf/rls/re58-re58d04-04/55201-1080785.html,2026-02-24
https://pdf.directindustry.com/pt/pdf/mg-tech-196483.html,2026-02-24
https://www.directindustry.com/industrial-manufacturer/ip55-variable-speed-drive-274995.html,2026-02-24
https://www.directindustry.com/prod/simptek-limited/product-216985-2295807.html,2026-02-24
https://www.directindustry.com/ja/prod/epsilon-technology/product-33099-658627.html,2026-02-24
https://pdf.directindustry.com/pdf/accuride-international-limited/3832hdtr/6075-868017.html,2026-02-24
https://www.directindustry.com/prod/ingersoll-cutting-tools/product-17869-1725225.html,2026-02-24
https://pdf.directindustry.com/pdf/motridal-spa-91063.html,2026-02-24
https://pdf.directindustry.com/pdf/holly-hollyfuse-hollyland-xiamen-technology-co/hollyland-nh2xlgpv-1100v-dc-solar-fuses/174711-976730.html,2026-02-24
https://pdf.directindustry.com/pdf/greasemax-sohm-schmierstofftechnik-ek/einzelpunkt-schmierstoffgeber-greasemax-brochure-english/57321-1083871.html,2026-02-24
https://www.directindustry.com/pt/prod/evident-olympus-scientific-solutions-17434.html,2026-02-24
https://www.directindustry.com/prod/cabur/product-17780-937431.html,2026-02-24
https://pdf.directindustry.com/ja/pdf/bsp-international-foundations-limited-64184.html,2026-02-24
https://www.directindustry.com/industrial-manufacturer/deep-drawing-press-117860.html,2026-02-24
https://www.directindustry.com/pt/prod/ober-spa/product-80003-2809334.html,2026-02-24
https://www.directindustry.com/ja/seizomoto-kogyo-bunya/kiwado-131964.html,2026-02-24
https://www.directindustry.com/prod/haweka-ag/product-221749-2518408.html,2026-02-24
https://www.directindustry.com/industrial-manufacturer/membrane-cable-grommet-114754.html,2026-02-24
https://www.directindustry.com/pt/prod/dancop-international-gmbh/product-66365-783221.html,2026-02-24
https://www.directindustry.com/pt/prod/interroll/product-66453-1715680.html,2026-02-24
https://www.directindustry.com/ja/prod/extreme-networks/product-61501-1993985.html,2026-02-24
https://pdf.directindustry.com/pt/pdf/insevis-vertriebs-gmbh-4603726.html,2026-02-24
https://www.directindustry.com/pt/prod/separ-of-the-americas-llc/product-63603-419572.html,2026-02-24
https://www.directindustry.com/pt/prod/mimaki-engineering-co-ltd/product-159067-1614811.html,2026-02-24
https://www.directindustry.com/industrial-manufacturer/casing-holder-272779.html,2026-02-24
https://www.directindustry.com/ja/seizomoto-kogyo-bunya/kiwado-114839.html,2026-02-24
https://www.directindustry.com/prod/mecesa-mecanica-egarense-sa/product-194633-2656874.html,2026-02-24
https://www.directindustry.com/ja/prod/universeal-uk-ltd/product-163908-1859547.html,2026-02-24
https://www.directindustry.com/prod/camfil/product-16429-2124925.html,2026-02-24
https://www.directindustry.com/prod/cg-power-systems/product-13988-433838.html,2026-02-24
https://www.directindustry.com/prod/dotec/product-242566-2440623.html,2026-02-24
https://www.directindustry.com/soc/himmelwerk-33368.html,2026-02-24
https://www.directindustry.com/prod/stanhope-seta/product-210919-2471148.html,2026-02-24
https://www.directindustry.com/pt/prod/somain-securite/product-54662-378466.html,2026-02-24
https://www.directindustry.com/ja/prod/plastic-systems-spa/product-76944-2659895.html,2026-02-24
https://www.directindustry.com/prod/stratasys/product-25745-2715289.html,2026-02-24
https://www.directindustry.com/prod/tel-tru-manufacturing/product-72206-1622834.html,2026-02-24
https://www.directindustry.com/ja/seizomoto-kogyo-bunya/kiwado-199630-_2.html,2026-02-24
https://www.directindustry.com/prod/rosit-gmbh/product-4605399-2823750.html,2026-02-24
https://www.directindustry.com/prod/az-ramp/product-235736-2496525.html,2026-02-24
https://www.directindustry.com/pt/prod/lantech/product-21814-722871.html,2026-02-24
https://www.directindustry.com/industrial-manufacturer/ip65-junction-box-154681-_2.html,2026-02-24
https://www.directindustry.com/ja/seizomoto-kogyo-bunya/kiwado-241939.html,2026-02-24
https://www.directindustry.com/prod/dmm-professional/product-78667-1587593.html,2026-02-24
https://www.directindustry.com/prod/polat-makina-sanayi-ve-ticaret-as/product-91291-924157.html,2026-02-24
https://www.directindustry.com/industrial-manufacturer/aluminum-complex-grease-81135.html,2026-02-24
https://www.directindustry.com/prod/altek-industries-corp/product-111999-1063917.html,2026-02-24
https://www.directindustry.com/pt/prod/mpl/product-33713-1880321.html,2026-02-24
https://www.directindustry.com/pt/prod/sereco/product-91651-861277.html,2026-02-24
https://www.directindustry.com/prod/pavone-sistemi/product-57988-1790129.html,2026-02-24
https://pdf.directindustry.com/pdf/shanghai-zhaohui-pressure-apparatus-co-ltd-zhyq/zhyq-pt124b-112-high-accuracy-rigid-melt-pressure-transmitter-plastic-extruder/180967-672212.html,2026-02-24
https://pdf.directindustry.com/pdf/aaeon/pico-apl3-semi/82135-1047694.html,2026-02-24
https://www.directindustry.com/prod/electronic-grup-sl/product-235505-2417077.html,2026-02-24
https://www.directindustry.com/pt/prod/hgh-systemes-infrarouges/product-7666-2374887.html,2026-02-24
https://www.directindustry.com/prod/basler/product-23072-2504482.html,2026-02-24
https://pdf.directindustry.com/pdf/atlas-copco-industrial-technique/pocket-guide-toairmotors/4607081-1122331.html,2026-02-24
https://www.directindustry.com/prod/gn-solids-control/product-65658-1938304.html,2026-02-24
https://pdf.directindustry.com/pdf/kuriyama-europe/kuriyama-europe/236993-964414.html,2026-02-24
https://www.directindustry.com/prod/hoecker-polytechnik/product-69640-1353011.html,2026-02-24
https://www.directindustry.com/ja/prod/rosit-gmbh/product-4605399-2823162.html,2026-02-24
https://www.directindustry.com/ja/prod/rosit-gmbh/product-4605399-2823701.html,2026-02-24
https://www.directindustry.com/prod/ht/product-18971-2039325.html,2026-02-24
https://www.directindustry.com/prod/valco-srl/product-25159-1757571.html,2026-02-24
https://pdf.directindustry.com/pdf/megatron-elektronik-gmbh-co-kg/mm10/13783-777606.html,2026-02-24
https://www.directindustry.com/pt/fabricante-industrial/posicionador-soldagem-eletrico-157615.html,2026-02-24
https://www.directindustry.com/ja/prod/blickle-raeder-rollen-gmbh-u-co-kg/product-2030-1768478.html,2026-02-24
https://www.directindustry.com/pt/prod/smartvision-s-r-l/product-70937-1824623.html,2026-02-24
https://pdf.directindustry.com/pdf/kawasaki-robotics-gmbh/kawasaki-robot-duaro-2/18836-822711.html,2026-02-24
https://www.directindustry.com/prod/ottevanger/product-213969-2202767.html,2026-02-24
https://www.directindustry.com/prod/hach-14401.html,2026-02-24
https://pdf.directindustry.com/pdf/pompe-garbarino-spa/vl/104833-775622.html,2026-02-24
https://www.directindustry.com/pt/prod/nanjing-hanrui-cobalt-co-ltd/product-236856-2390335.html,2026-02-24
https://www.directindustry.com/soc/wuhan-gnlaser-equipment-manufacturing-co-ltd-118911.html,2026-02-24
https://www.directindustry.com/pt/prod/miretu/product-4619285-2827976.html,2026-02-24
https://www.directindustry.com/prod/rosit-gmbh/product-4605399-2741464.html,2026-02-24
https://www.directindustry.com/ja/prod/gmn/product-11884-2571284.html,2026-02-24
https://www.directindustry.com/prod/kari-finn-oy/product-28813-2418114.html,2026-02-24
https://www.directindustry.com/pt/prod/shanghai-sollant-energy-saving-technology-co-ltd/product-245454-2566624.html,2026-02-24
https://www.directindustry.com/prod/omia/product-12806-443581.html,2026-02-24
https://www.directindustry.com/pt/prod/pim-industrie/product-4606725-2754741.html,2026-02-24
https://www.directindustry.com/pt/prod/offenhaeuser-berger-gmbh/product-68275-2657344.html,2026-02-24
https://www.directindustry.com/prod/hardy-process-solutions/product-37505-507493.html,2026-02-24
https://www.directindustry.com/prod/tme/product-37502-1551407.html,2026-02-24
https://www.directindustry.com/prod/instron/product-18463-2461393.html,2026-02-24
https://www.directindustry.com/prod/sycsa/product-4567166-2565917.html,2026-02-24
https://www.directindustry.com/ja/prod/brain-bee-spa/product-221154-2451739.html,2026-02-24
https://www.directindustry.com/pt/fabricante-industrial/porta-lamina-98897.html,2026-02-24
https://www.directindustry.com/pt/prod/constructie-bruynooghe-nv/product-193811-2132993.html,2026-02-24
https://www.directindustry.com/pt/prod/koki-company-limited/product-178516-2300452.html,2026-02-24
https://www.directindustry.com/ja/prod/thomas-products-ltd/product-233686-2354198.html,2026-02-24
https://www.directindustry.com/pt/prod/vulcanic/product-22862-1018745.html,2026-02-24
https://www.directindustry.com/ja/prod/enertronica-santerno-spa/product-117581-2605023.html,2026-02-24
https://www.directindustry.com/prod/aro-ingersoll-rand/product-20987-1039567.html,2026-02-24
https://www.directindustry.com/prod/betonmec-srl/product-246672-2560946.html,2026-02-24
https://www.directindustry.com/pt/prod/woojin-selex-co-ltd/product-76342-1527259.html,2026-02-24
https://www.directindustry.com/ja/prod/yilmaz-reduktor/product-68585-1649951.html,2026-02-24
https://www.directindustry.com/ja/prod/ningbo-tianan-group-co-ltd/product-161499-1713380.html,2026-02-24
https://www.directindustry.com/prod/officina-meccanica-sarp-snc-94797.html,2026-02-24
https://www.directindustry.com/ja/prod/makita/product-24058-2618846.html,2026-02-24
https://www.directindustry.com/ja/prod/solo-swiss-borel-swiss/product-18259-668875.html,2026-02-24
https://www.directindustry.com/pt/prod/empteezy/product-117583-1214009.html,2026-02-24
https://www.directindustry.com/pt/fabricante-industrial/conversor-dc-motor-149025-_2.html,2026-02-24
https://www.directindustry.com/pt/prod/jiangsu-dazhong-electric-motor-co-ltd/product-162484-2751410.html,2026-02-24
https://www.directindustry.com/product-manufacturer/rembe-explosion-vent-panel-97611-35665.html,2026-02-24
https://pdf.directindustry.com/pdf/howdon-torque-limiters/wedgegard-cfs-coupling-in-lb/205225-816005.html,2026-02-24
https://www.directindustry.com/ja/prod/comi-group/product-50365-1749663.html,2026-02-24
https://pdf.directindustry.com/pdf/power-packer/mmc/103723-570935.html,2026-02-24
https://www.directindustry.com/prod/schweitzer-engineering-laboratories/product-23479-1812132.html,2026-02-24
https://pdf.directindustry.com/pdf/jergens-inc/jergens-kwik-lok-pins/7113-26260.html,2026-02-24
https://pdf.directindustry.com/pdf/michael-koch-gmbh-29522.html,2026-02-24
https://www.directindustry.com/pt/prod/chicago-pneumatic/product-14315-1938919.html,2026-02-24
https://www.directindustry.com/ja/seizomoto-kogyo-bunya/kiwado-261206.html,2026-02-24
https://www.directindustry.com/pt/prod/arcbro-ltd/product-67370-2588633.html,2026-02-24
https://www.directindustry.com/pt/prod/soldo-cavitators/product-236711-2386954.html,2026-02-24
https://www.directindustry.com/pt/prod/bardiani-valvole-spa/product-106197-2441404.html,2026-02-24
https://www.directindustry.com/pt/prod/ma-safety-signal-co-ltd/product-66287-2188795.html,2026-02-24
https://www.directindustry.com/pt/fabricante-industrial/detector-falhas-cabos-224527.html,2026-02-24
https://www.directindustry.com/prod/desmi-pumping-technology-s/product-21088-2520887.html,2026-02-24
https://www.directindustry.com/prod/tp-ipc-4597185.html,2026-02-24
https://www.directindustry.com/ja/seizomoto-kogyo-bunya/kiwado-130632.html,2026-02-24
https://pdf.directindustry.com/pdf/xcmg/xcmg-small-road-roller-xd140/50713-1119597.html,2026-02-24
https://www.directindustry.com/industrial-manufacturer/micro-jetting-valve-284349.html,2026-02-24
https://www.directindustry.com/prod/robotechnik-intelligent-technology-co-ltd/product-235246-2728537.html,2026-02-24
https://www.directindustry.com/ja/prod/john-guest/product-6101-15781.html,2026-02-24
https://pdf.directindustry.com/pdf/bucher-unipektin-ag/innovative-filtration/89865-866291.html,2026-02-24
https://www.directindustry.com/ja/prod/hansa-mixer-172014.html,2026-02-24
https://pdf.directindustry.com/pt/pdf/mantovanibenne-56765.html,2026-02-24
https://www.directindustry.com/prod/digi-tool-solution/product-163218-2443496.html,2026-02-24
https://www.directindustry.com/pt/prod/airloc-ag/product-33289-819715.html,2026-02-24
https://www.directindustry.com/pt/prod/boco-pardubice-machines-sro-74996.html,2026-02-24
https://www.directindustry.com/prod/system-di-rosati/product-15993-114680.html,2026-02-24
https://www.directindustry.com/ja/prod/helmholz-gmbh-co-kg/product-15625-2737455.html,2026-02-24
https://www.directindustry.com/industrial-manufacturer/compact-gas-spring-211532.html,2026-02-24
https://www.directindustry.com/pt/prod/shanghai-east-pump-group-co-ltd/product-183405-2049419.html,2026-02-24
https://www.directindustry.com/prod/hexagon-manufacturing-intelligence/product-5623-1794675.html,2026-02-24
https://www.directindustry.com/industrial-manufacturer/automatic-case-packer-86010-_3.html,2026-02-24
https://www.directindustry.com/ja/prod/schubert-salzer-control-systems-gmbh/product-9316-1694791.html,2026-02-24
https://www.directindustry.com/ja/prod/multivac-group/product-18330-1774048.html,2026-02-24
https://pdf.directindustry.com/pdf/rainin/shoprainin-product-catalog-2018/22547-771276.html,2026-02-24
https://www.directindustry.com/ja/prod/crowcon-detection-instruments/product-9065-1628433.html,2026-02-24
https://www.directindustry.com/prod/lmw/product-172180-2511976.html,2026-02-24
https://pdf.directindustry.com/pdf/simol-spa/type-dg706-8/4565625-1114747.html,2026-02-24
https://www.directindustry.com/pt/prod/compac-gmbh-hydraulik-vertrieb/product-221262-2258073.html,2026-02-24
https://www.directindustry.com/pt/produto-fabricante/medidor-vazao-cc-brooks-instruments-261103-33854.html,2026-02-24
https://www.directindustry.com/prod/ipg-photonics-corporation/product-29249-1809007.html,2026-02-24
https://www.directindustry.com/ja/prod/kulicke-soffa/product-38102-2035391.html,2026-02-24
https://pdf.directindustry.com/pdf/ozmachine/garnet-series/65850-1093850.html,2026-02-24
https://www.directindustry.com/prod/hydratight/product-53249-2050157.html,2026-02-24
https://www.directindustry.com/prod/quality-wire-products-wll/product-4599078-2680067.html,2026-02-24
https://www.directindustry.com/prod/instor-4596484.html,2026-02-24
https://www.directindustry.com/prod/beckhoff-automation/product-7183-486125.html,2026-02-24
https://www.directindustry.com/industrial-manufacturer/blade-sharpening-machine-264316.html,2026-02-24
https://pdf.directindustry.com/pdf/o-e-n-india-ltd/series-63-relays/63536-226397.html,2026-02-24
https://pdf.directindustry.com/pdf/ipek-international-gmbh/agilios-brochure/90629-949049.html,2026-02-24
https://pdf.directindustry.com/pdf/kontron/smarc-samx7/5073-804215.html,2026-02-24
https://www.directindustry.com/ja/prod/ventil-test-equipment-bv/product-61466-1910658.html,2026-02-24
https://www.directindustry.com/prod/meusburger-georg-gmbh-co-kg/product-58247-2473655.html,2026-02-24
https://www.directindustry.com/prod/behringer-gmbh-maschinenfabrik-und-eisengiesserei/product-16375-1313133.html,2026-02-24
https://www.directindustry.com/prod/behringer-gmbh-maschinenfabrik-und-eisengiesserei/product-16375-393706.html,2026-02-24
https://www.directindustry.com/prod/pressta-eisele-gmbh-84575.html,2026-02-24
https://www.directindustry.com/pt/fabricante-industrial/serra-barras-ferro-139135.html,2026-02-24
https://www.directindustry.com/pt/produto-fabricante/gabinete-endurecido-elma-141988-32054.html,2026-02-24
https://www.directindustry.com/ja/prod/guangdong-south-china-sea-electronic-measuring-tec/product-179064-1827093.html,2026-02-24
https://pdf.directindustry.com/ja/pdf/lohr-4564189.html,2026-02-24
https://trends.directindustry.com/bgi-bernard-gravure-industrielle/project-12713-129968.html,2026-02-24
https://www.directindustry.com/prod/aro-ingersoll-rand/product-20987-1801700.html,2026-02-24
https://www.directindustry.com/ja/prod/midwest-machine-llc/product-210287-2145317.html,2026-02-24
https://www.directindustry.com/pt/prod/-4h-jena-engineering-gmbh/product-178182-2509545.html,2026-02-24
https://www.directindustry.com/pt/prod/zhengzhou-anxin-abrasives-co-ltd/product-224519-2307730.html,2026-02-24
https://www.directindustry.com/prod/mueller-co-ax-gmbh/product-26073-1473563.html,2026-02-24
https://www.directindustry.com/ja/prod/haulotte/product-7665-2660175.html,2026-02-24
https://www.directindustry.com/prod/hansen-industrial-transmissions/product-161055-2365646.html,2026-02-24
https://www.directindustry.com/prod/chengdu-fuyu-technology-co-ltd/product-197091-1986234.html,2026-02-24
https://www.directindustry.com/pt/prod/trafag-ag-sensors-controls/product-14177-2319182.html,2026-02-24
https://www.directindustry.com/prod/shanghai-boqu-instrument-co-ltd/product-179186-2598179.html,2026-02-24
https://pdf.directindustry.com/ja/pdf/tripplite-145952.html,2026-02-24
https://www.directindustry.com/prod/aoip/product-7451-1015963.html,2026-02-24
https://pdf.directindustry.com/pdf/envisiontec/xede-3sp/85667-518395.html,2026-02-24
https://www.directindustry.com/ja/prod/gb-boucherie-nv/product-75030-2367743.html,2026-02-24
https://www.directindustry.com/pt/prod/watlow-electric-manufacturing-company/product-7347-2468695.html,2026-02-24
https://www.directindustry.com/ja/prod/rosit-gmbh/product-4605399-2823135.html,2026-02-24
https://www.directindustry.com/pt/prod/kingspan-environmental-ltd/product-109587-1480579.html,2026-02-24
https://www.directindustry.com/pt/prod/ricoma-international-corporation/product-190044-1898337.html,2026-02-24
https://www.directindustry.com/prod/sogelub/product-24928-1560982.html,2026-02-24
https://www.directindustry.com/prod/liontron-ltd/product-4604374-2718811.html,2026-02-24
https://www.directindustry.com/prod/tecoo-electronics/product-4604357-2804997.html,2026-02-24
https://pdf.directindustry.com/pdf/cap-srl/kpd73-13-mm-non-reversible-air-drill/182457-808141.html,2026-02-24
https://www.directindustry.com/prod/siccis/product-240349-2599188.html,2026-02-24
https://www.directindustry.com/prod/texpack/product-13172-2624937.html,2026-02-24
https://www.directindustry.com/ja/prod/raziol-19476.html,2026-02-24
https://www.directindustry.com/industrial-manufacturer/rs485-transceiver-162969.html,2026-02-24
https://www.directindustry.com/ja/seizomoto-kogyo-bunya/kiwado-92678.html,2026-02-24
https://pdf.directindustry.com/pdf/farbo/manifold-globe-valves/60172-1055955.html,2026-02-24
https://www.directindustry.com/prod/ningbo-sunwell-sealing-materials-co-ltd/product-204825-2291387.html,2026-02-24
https://www.directindustry.com/industrial-manufacturer/pneumatic-spindle-78701.html,2026-02-24
https://www.directindustry.com/ja/prod/retsch-gmbh/product-19308-847323.html,2026-02-24
https://www.directindustry.com/pt/prod/aaronia-ag/product-58710-420403.html,2026-02-24
https://www.directindustry.com/pt/prod/etatron-ds/product-16443-1803852.html,2026-02-24
https://www.directindustry.com/pt/prod/telm-srl-61289.html,2026-02-24
https://www.directindustry.com/prod/multivac-group/product-18330-1774033.html,2026-02-24
https://www.directindustry.com/pt/prod/valsteam-adca-engineering-sa/product-105857-2702523.html,2026-02-24
https://www.directindustry.com/prod/hambition-drivetrain-components-parts/product-68846-2464723.html,2026-02-24
https://www.directindustry.com/ja/prod/rosit-gmbh/product-4605399-2823742.html,2026-02-24
https://www.directindustry.com/ja/prod/krautzberger/product-111057-1027455.html,2026-02-24
https://www.directindustry.com/prod/tramec/product-20031-2604581.html,2026-02-24
https://www.directindustry.com/prod/sisa-abrasives-company/product-227988-2612733.html,2026-02-24
https://www.directindustry.com/ja/prod/sigmatek-gmbh-co-kg-13981.html,2026-02-24
https://www.directindustry.com/prod/microsens-gmbh-co-kg/product-39326-1197325.html,2026-02-24
https://pdf.directindustry.com/pdf/centec-gesellschaft-fuer-labor-und-prozessmesstechnik-mbh/rhotec-alc-tax/65930-735754.html,2026-02-24
https://www.directindustry.com/ja/prod/dalmec/product-13956-1885895.html,2026-02-24
https://www.directindustry.com/prod/moretto/product-23792-1947549.html,2026-02-24
https://www.directindustry.com/prod/goelz-gmbh/product-247572-2666080.html,2026-02-24
https://www.directindustry.com/cat/standard-mechanical-components/other-dampers-B-603-_7.html,2026-02-24
https://emag.directindustry.com/2020/07/23/3d-printing-still-progressing/,2026-02-24
https://pdf.directindustry.com/pdf/tormach/1100m-cnc/4602457-1086729.html,2026-02-24
https://www.directindustry.com/pt/prod/emitter/product-56184-469311.html,2026-02-24
https://www.directindustry.com/pt/prod/corcos-srl/product-221384-2307702.html,2026-02-24
https://www.directindustry.com/prod/antaira-technologies/product-140465-2806065.html,2026-02-24
https://www.directindustry.com/prod/jornen-machinery-co-ltd/product-117985-2121929.html,2026-02-24
https://pdf.directindustry.com/pdf/analog-systems-sh-co-ltd-224505.html,2026-02-24
https://pdf.directindustry.com/pt/pdf/sichuan-yasi-optics-co-ltd-198456.html,2026-02-24
https://www.directindustry.com/industrial-manufacturer/ip54-stack-light-148704.html,2026-02-24
https://www.directindustry.com/prod/solidat-applied-technologies-ltd/product-15188-1444295.html,2026-02-24
https://www.directindustry.com/prod/pentair-valves-controls/product-6278-963373.html,2026-02-24
https://www.directindustry.com/prod/tecnomeccanica/product-206065-2096821.html,2026-02-24
https://pdf.directindustry.com/pdf/lister-petter/lpwx3-g-build-engine/5772-511713.html,2026-02-24
https://www.directindustry.com/pt/prod/sommer-technik/product-33192-1455659.html,2026-02-24
https://www.directindustry.com/prod/stenflex-rudolf-stender-gmbh/product-4977-2735012.html,2026-02-24
https://www.directindustry.com/prod/riels-instruments/product-70609-1636689.html,2026-02-24
https://pdf.directindustry.com/pdf/uni-trend-technology-china-co-ltd/ut330/206581-1016488.html,2026-02-24
https://www.directindustry.com/pt/produto-fabricante/testador-continuidade-gossen-metrawatt-116181-34551.html,2026-02-24
https://pdf.directindustry.com/pdf/lemo/unipole-multipole-connectors/28792-871065.html,2026-02-24
https://www.directindustry.com/prod/tsa/product-4614426-2792442.html,2026-02-24
https://www.directindustry.com/ja/prod/aignep/product-20091-1616453.html,2026-02-24
https://pdf.directindustry.com/pt/pdf/juli-sling-162790.html,2026-02-24
https://pdf.directindustry.com/pdf/tsubis/replacement-monitor-amada-operateur-hfe/37514-631553.html,2026-02-24
https://www.directindustry.com/ja/prod/xiamen-set-electronics-co-ltd/product-59246-2582896.html,2026-02-24
https://www.directindustry.com/prod/boretech/product-156103-2357984.html,2026-02-24
https://www.directindustry.com/prod/saima-sicurezza-spa/product-4594486-2608917.html,2026-02-24
https://www.directindustry.com/pt/prod/anderson-negele-negele-messtechnik-gmbh/product-155920-1598567.html,2026-02-24
https://www.directindustry.com/pt/prod/weiss-chemie/product-66508-1997760.html,2026-02-24
https://www.directindustry.com/pt/prod/comemso-electronics-gmbh/product-4598461-2700380.html,2026-02-24
https://www.directindustry.com/pt/prod/focus-sensing-and-control-technology-co-ltd/product-162155-2069361.html,2026-02-24
https://www.directindustry.com/soc/tabanli-makina-san-ve-tic-ltd-sti-4560632.html,2026-02-24
https://pdf.directindustry.com/pdf/lci/laboratory-marumerizer-model-qj-230t/207713-828359.html,2026-02-24
https://www.directindustry.com/product-manufacturer/rion-capacitive-accelerometer-185619-35700.html,2026-02-24
https://pdf.directindustry.com/pdf/dadi-electronic-technology-co-ltd/safety-laser-scanners/199378-783891.html,2026-02-24
https://www.directindustry.com/pt/prod/sonixtek/product-235395-2377584.html,2026-02-24
https://www.directindustry.com/ja/prod/riftek-europe/product-56620-1209885.html,2026-02-24
https://www.directindustry.com/pt/prod/leine-linde/product-24529-510754.html,2026-02-24
https://www.directindustry.com/pt/prod/em-technik-gmbh/product-62054-2111887.html,2026-02-24
https://www.directindustry.com/ja/prod/puregas/product-25912-1664151.html,2026-02-24
https://www.directindustry.com/prod/varta-microbattery-gmbh/product-88149-2037304.html,2026-02-24
https://pdf.directindustry.com/pdf/zhejiang-tormin-eletrical-co-ltd/zw7600a-portable-light/222647-917749.html,2026-02-24
https://www.directindustry.com/pt/fabricante-industrial/pasteurizador-tratamento-termico-266991.html,2026-02-24
https://www.directindustry.com/pt/fabricante-industrial/scanner-circuito-fechado-155951.html,2026-02-24
https://www.directindustry.com/pt/prod/neovo/product-4600894-2689660.html,2026-02-24
https://pdf.directindustry.com/pdf/tamson-instruments-bv/tv4000akv-easy/105563-1028532.html,2026-02-24
https://www.directindustry.com/ja/prod/ems-machinery/product-162021-2786023.html,2026-02-24
https://www.directindustry.com/pt/prod/detectomat-gmbh/product-69824-2613329.html,2026-02-24
https://www.directindustry.com/ja/seihin-seizomoto/flexlinkno-zi-dong-che-chan-ye-yongkonbeya-212234-32117.html,2026-02-24
https://www.directindustry.com/pt/prod/air-quality-engineering/product-53077-2581332.html,2026-02-24
https://www.directindustry.com/ja/prod/ttma-guangzhou-co-ltd/product-247089-2542274.html,2026-02-24
https://www.directindustry.com/industrial-manufacturer/ultraminiature-switch-118665.html,2026-02-24
https://www.directindustry.com/ja/prod/cm-srl/product-88995-2468613.html,2026-02-24
https://www.directindustry.com/prod/vemag/product-60475-2729623.html,2026-02-24
https://www.directindustry.com/industrial-manufacturer/module-multiplexer-104422.html,2026-02-24
https://www.directindustry.com/prod/holmatro-industrial-equipment/product-16432-2149363.html,2026-02-24
https://pdf.directindustry.com/pdf/rosenberger-osi/sc-fo-connectivity-systems/39229-138701.html,2026-02-24
https://www.directindustry.com/ja/prod/siglent-technologies-co-ltd/product-71846-1792144.html,2026-02-24
https://www.directindustry.com/pt/prod/control-gmc/product-4606489-2747783.html,2026-02-24
https://www.directindustry.com/pt/prod/dolex/product-207003-2797774.html,2026-02-24
https://www.directindustry.com/ja/prod/elkon/product-86979-2064437.html,2026-02-24
https://www.directindustry.com/prod/euroboor/product-133761-2651950.html,2026-02-24
https://www.directindustry.com/pt/produto-fabricante/mouse-industrial-gett-120096-2420.html,2026-02-24
https://www.directindustry.com/ja/prod/e-l-m-kragelund-a-s/product-4597270-2750273.html,2026-02-24
https://www.directindustry.com/ja/prod/otto-motors/product-191685-2752423.html,2026-02-24
https://www.directindustry.com/prod/rigol-technologies-eu-gmbh/product-173766-2477194.html,2026-02-24
https://pdf.directindustry.com/viewerCatalog/kaiser-ag-fahrzeugwerk/kaiser-s2-brochure/40380-96878-_2.html,2026-02-24
https://www.directindustry.com/prod/kirti-pressings-pvt-ltd/product-4594395-2606487.html,2026-02-24
https://www.directindustry.com/ja/prod/vivax-metrotech/product-4597143-2650026.html,2026-02-24
https://www.directindustry.com/ja/prod/ross-controls/product-16051-683041.html,2026-02-24
https://www.directindustry.com/ja/prod/bema-srl/product-4606027-2786681.html,2026-02-24
https://www.directindustry.com/prod/fehlmann/product-33328-2612222.html,2026-02-24
https://www.directindustry.com/prod/autefa-solutions/product-171641-2007331.html,2026-02-24
https://www.directindustry.com/ja/prod/millutensil/product-27803-434780.html,2026-02-24
https://www.directindustry.com/pt/prod/winmate-inc/product-35784-2496659.html,2026-02-24
https://emag.directindustry.com/2022/12/19/behind-the-logo-the-origin-of-cisco/,2026-02-24
https://www.directindustry.com/pt/prod/hifi-filter-france/product-158875-2787711.html,2026-02-24
https://pdf.directindustry.com/pdf/achteck-tool/turning-toolholder-series/4567425-1101800.html,2026-02-24
https://pdf.directindustry.com/pdf/leave-industrial/cpo2/84285-873787.html,2026-02-24
https://www.directindustry.com/ja/prod/bombas-ideal/product-40807-2467472.html,2026-02-24
https://pdf.directindustry.com/pdf/chamaeleon-gmbh/575-en/221379-988617.html,2026-02-24
https://pdf.directindustry.com/pdf/testing-machines-inc/ts-4-heat-sealer/55801-117237.html,2026-02-24
https://pdf.directindustry.com/pdf/plp-vietnam/interphase-spacers/4599340-1069591.html,2026-02-24
https://pdf.directindustry.com/pt/pdf/valtorc-58844.html,2026-02-24
https://pdf.directindustry.com/pdf/balun-technology-co-ltd/bl633-low-temperature-calibrator-liquid-bath/4604390-1092158.html,2026-02-24
https://www.directindustry.com/ja/prod/klein-gmbh/product-175789-2393713.html,2026-02-24
https://www.directindustry.com/prod/polat-group-reduektoer/product-182004-2577280.html,2026-02-24
https://www.directindustry.com/pt/prod/douce-hydro/product-7876-1511207.html,2026-02-24
https://www.directindustry.com/prod/omis/product-145346-2746083.html,2026-02-24
https://www.directindustry.com/prod/shandong-man-machinery-equipment-co-ltd/product-230966-2612826.html,2026-02-24
https://www.directindustry.com/prod/lonking-machinery-co-ltd/product-163757-2611644.html,2026-02-24
https://www.directindustry.com/pt/prod/dataphysics-instruments/product-181071-2710684.html,2026-02-24
https://www.directindustry.com/ja/seizomoto-kogyo-bunya/kiwado-115220.html,2026-02-24
https://www.directindustry.com/pt/fabricante-industrial/torneira-143948-_2.html,2026-02-24
https://www.directindustry.com/industrial-manufacturer/wifi-motherboard-267017.html,2026-02-24
https://www.directindustry.com/prod/bremas-better-switches/product-163462-2721478.html,2026-02-24
https://pdf.directindustry.com/pdf/porlanmaz-f-r-n-makinalar/baguette-moulder/213667-878375.html,2026-02-24
https://www.directindustry.com/pt/prod/brokk/product-12137-1690243.html,2026-02-24
https://www.directindustry.com/ja/prod/kisters-hyquest-solutions/product-235669-2385739.html,2026-02-24
https://www.directindustry.com/prod/acs-control-system-gmbh/product-37041-2485614.html,2026-02-24
https://www.directindustry.com/industrial-manufacturer/cable-decoiler-108250.html,2026-02-24
https://www.directindustry.com/ja/prod/cinchseal/product-244343-2502060.html,2026-02-24
https://pdf.directindustry.com/pdf/condor-pressure-control-gmbh/pump-control-cps-b/18558-839593.html,2026-02-24
https://www.directindustry.com/ja/prod/kemper/product-4865-1468283.html,2026-02-24
https://www.directindustry.com/pt/prod/bp/product-4594565-2614739.html,2026-02-24
https://www.directindustry.com/prod/maclight-display-co-limited/product-4569298-2578465.html,2026-02-24
https://www.directindustry.com/pt/prod/erlab/product-18111-2719303.html,2026-02-24
https://www.directindustry.com/pt/prod/datexel-srl/product-58730-445532.html,2026-02-24
https://pdf.directindustry.com/pdf/rbc-bearings/dsrp-gdsrp-series/16837-941160.html,2026-02-24
https://www.directindustry.com/prod/steinmeyer-holding-gmbh/product-39330-2516340.html,2026-02-24
https://www.directindustry.com/pt/fabricante-industrial/corrente-transportadora-aco-100175.html,2026-02-24
https://www.directindustry.com/ja/seizomoto-kogyo-bunya/kiwado-274781.html,2026-02-24
https://pdf.directindustry.com/pdf/parker-process-air-gas/s32170a-nmr-dry-air-generators-nuclear-magnetic-resonance/38302-30939.html,2026-02-24
https://www.directindustry.com/industrial-manufacturer/h-shaped-profile-112383.html,2026-02-24
https://www.directindustry.com/prod/gutekunst-federn/product-15174-2136303.html,2026-02-24
https://www.directindustry.com/pt/prod/the-charles-machine-works-inc/product-41264-2451977.html,2026-02-24
https://www.directindustry.com/pt/prod/metalmeccanica-spaggiari-srl/product-4598011-2771108.html,2026-02-24
https://www.directindustry.com/prod/duecker-gerhard-gmbh-co-kg/product-90087-2036718.html,2026-02-24
https://www.directindustry.com/prod/ocean-s-king-lighting-science-technology-co-ltd/product-235299-2371895.html,2026-02-24
https://www.directindustry.com/prod/paixie-packing-machinery/product-247305-2704917.html,2026-02-24
https://www.directindustry.com/prod/hts-hydraulische-transportsysteme-gmbh/product-24533-376816.html,2026-02-24
https://www.directindustry.com/prod/al-fab-de-material-electrico-sa/product-224086-2306927.html,2026-02-24
https://www.directindustry.com/pt/prod/airtox-international-s/product-166280-2637567.html,2026-02-24
https://www.directindustry.com/prod/ceetec-s/product-229517-2316556.html,2026-02-24
https://www.directindustry.com/pt/fabricante-industrial/placa-torno-autocentrante-102441.html,2026-02-24
https://www.directindustry.com/pt/fabricante-industrial/dosador-geleia-265381.html,2026-02-24
https://www.directindustry.com/ja/prod/nuova-mondial-mec-srl/product-189544-2059869.html,2026-02-24
https://www.directindustry.com/ja/prod/habonim/product-4594707-2614558.html,2026-02-24
https://www.directindustry.com/ja/prod/hiquel/product-4570258-2584596.html,2026-02-24
https://www.directindustry.com/prod/ace-stossdaempfer-gmbh/product-18835-1910846.html,2026-02-24
https://www.directindustry.com/pt/prod/microelettrica/product-238841-2401544.html,2026-02-24
https://www.directindustry.com/pt/fabricante-industrial/maquina-corte-bancada-222738.html,2026-02-24
https://pdf.directindustry.com/pt/pdf/bermaq-18136.html,2026-02-24
https://www.directindustry.com/industrial-manufacturer/rohs-compliant-battery-278776.html,2026-02-24
https://www.directindustry.com/pt/prod/globecore/product-199912-2499114.html,2026-02-24
https://www.directindustry.com/prod/mtl-instrument/product-16914-2121863.html,2026-02-24
https://pdf.directindustry.com/pdf/meteor-kettenfabrik-gmbh/roller-chains-plastic-mountings/4606020-1132001.html,2026-02-24
https://www.directindustry.com/prod/matthys-group-172227.html,2026-02-24
https://pdf.directindustry.com/pdf/fisher-regulators/vapor-pressures-lp-gas/14723-58776.html,2026-02-24
https://www.directindustry.com/pt/prod/commscope/product-135466-2148263.html,2026-02-24
https://www.directindustry.com/prod/lcj-capteurs/product-38874-1840381.html,2026-02-24
https://www.directindustry.com/prod/sinterpack-210245.html,2026-02-24
https://www.directindustry.com/ja/prod/epa-gmbh/product-30463-394956.html,2026-02-24
https://www.directindustry.com/pt/prod/scantool-group/product-31060-2638929.html,2026-02-24
https://pdf.directindustry.com/pdf/emerco-high-performance-materials/peek/245285-1064451.html,2026-02-24
https://www.directindustry.com/prod/tele-radio/product-36891-2809161.html,2026-02-24
https://www.directindustry.com/ja/prod/dkk-toa-corporation/product-13577-1326663.html,2026-02-24
https://www.directindustry.com/ja/prod/anshan-leadsun-electronics-coltd/product-207775-2235959.html,2026-02-24
https://www.directindustry.com/pt/prod/raytalk-communications-ltd/product-213673-2214063.html,2026-02-24
https://www.directindustry.com/prod/hunan-sunshine-technologies-company/product-228640-2343122.html,2026-02-24
https://www.directindustry.com/pt/prod/presco-ag-160229.html,2026-02-24
https://www.directindustry.com/ja/prod/aqua-safety-showers-internatioanl/product-4564030-2544796.html,2026-02-24
https://www.directindustry.com/prod/jiangsu-elesun-cable-co-ltd/product-200441-2249655.html,2026-02-24
https://www.directindustry.com/ja/prod/nodus-factory-industry/product-233322-2784616.html,2026-02-24
https://www.directindustry.com/ja/prod/piab/product-4747-2620484.html,2026-02-24
https://www.directindustry.com/prod/realman-intelligent-technology/product-4567268-2634079.html,2026-02-24
https://www.directindustry.com/pt/prod/optris-gmbh-co-kg/product-27292-2705039.html,2026-02-24
https://www.directindustry.com/prod/sumitomo-shi-demag/product-51064-2073117.html,2026-02-24
https://pdf.directindustry.com/pdf/horiba-stec/mass-flow-controller-meter/115345-771190.html,2026-02-24
https://www.directindustry.com/pt/prod/metal-work/product-594-1338409.html,2026-02-24
https://www.directindustry.com/pt/prod/schulte-lagertechnik-gebr-schulte-gmbh-co-kg/product-193427-1919994.html,2026-02-24
https://www.directindustry.com/prod/hangzhou-innover-technology-co-ltd/product-239550-2407494.html,2026-02-24
https://pdf.directindustry.com/viewerCatalog/lantech-communications-europe-gmbh/railway-communication-network-solutions/56179-1058411-_4.html,2026-02-24
https://www.directindustry.com/prod/middex-electronic-gmbh/product-186139-1993585.html,2026-02-24
https://www.directindustry.com/ja/prod/asustek-computer-inc/product-242894-2792297.html,2026-02-24
https://www.directindustry.com/pt/fabricante-industrial/barra-pesagem-com-quatro-sensores-207907.html,2026-02-24
https://www.directindustry.com/prod/reinert-ritz-gmbh/product-74834-2610284.html,2026-02-24
https://www.directindustry.com/prod/rohrlux/product-20447-1552698.html,2026-02-24
https://www.directindustry.com/pt/prod/chengdu-novel-medical-equipment-ltd/product-4607446-2755853.html,2026-02-24
https://www.directindustry.com/prod/aaronia-ag/product-58710-2626311.html,2026-02-24
https://www.directindustry.com/pt/prod/kerberos-srl/product-4568877-2569559.html,2026-02-24
https://pdf.directindustry.com/pdf/italweber/etimat-modular-devices-protection-control/20848-457537.html,2026-02-24
https://trends.directindustry.com/sedes-group/project-38423-134967.html,2026-02-24
https://www.directindustry.com/pt/prod/coral/product-20446-1665585.html,2026-02-24
https://www.directindustry.com/prod/benz-tooling/product-245865-2522268.html,2026-02-24
https://www.directindustry.com/prod/stucchi-1950-srl/product-115933-2436558.html,2026-02-24
https://pdf.directindustry.com/ja/pdf/lemaitre-securite-8645.html,2026-02-24
https://www.directindustry.com/pt/fabricante-industrial/mangueira-borracha-termoplastica-242139.html,2026-02-24
https://www.directindustry.com/prod/anubis-3d-industrial-solutions-inc/product-240773-2434987.html,2026-02-24
https://www.directindustry.com/pt/fabricante-industrial/forno-recozimento-73430-_2.html,2026-02-24
https://www.directindustry.com/prod/rem-srl-international-mechanics/product-91375-2512081.html,2026-02-24
https://www.directindustry.com/pt/prod/arthur-grillo-gmbh/product-34316-2806768.html,2026-02-24
https://pdf.directindustry.com/pdf/atexxo-bv/atex-iphone-13/160752-988522.html,2026-02-24
https://www.directindustry.com/industrial-manufacturer/nox-monitoring-system-261816.html,2026-02-24
https://pdf.directindustry.com/pdf/ird-balancing/295-balancing-instrument/58542-422033.html,2026-02-24
https://www.directindustry.com/ja/prod/statebourne-cryogenics-ltd/product-64524-426452.html,2026-02-24
https://pdf.directindustry.com/pdf/fatech-electronic-foshan-co-ltd/fatech-surge-arrester-fv20c-x-xxxsi-on-line-monitoring-spd-degradation-circuit-breaker-working-status-spd-action-times-surge-counting/116173-703302.html,2026-02-24
https://pdf.directindustry.com/pdf/rbc-bearings/aerospace-applications/16837-537761.html,2026-02-24
https://www.directindustry.com/prod/dosier-und-prueftechnik-gmbh/product-4604945-2797756.html,2026-02-24
https://www.directindustry.com/pt/produto-fabricante/fresa-acabamento-dueci-76508-34179.html,2026-02-24
https://www.directindustry.com/pt/fabricante-industrial/vacuometro-com-tubo-bourdon-206744.html,2026-02-24
https://www.directindustry.com/pt/prod/opto-22/product-27459-595400.html,2026-02-24
https://www.directindustry.com/pt/prod/kesla-oyj/product-57551-2254478.html,2026-02-24
https://www.directindustry.com/ja/prod/sieyuan-electric-co-ltd/product-160573-2595224.html,2026-02-24
https://www.directindustry.com/ja/prod/suzhou-mould-co-ltd/product-4562592-2544125.html,2026-02-24
https://www.directindustry.com/ja/seizomoto-kogyo-bunya/kiwado-256417.html,2026-02-24
https://www.directindustry.com/prod/haida-equipment-co-ltd/product-67015-1817663.html,2026-02-24
https://www.directindustry.com/industrial-manufacturer/plastic-oil-212603.html,2026-02-24
https://www.directindustry.com/product-manufacturer/cantoni-performance-motor-225737-33904.html,2026-02-24
https://www.directindustry.com/prod/champion-pneumatic/product-129665-2236723.html,2026-02-24
https://www.directindustry.com/prod/guangdong-rifeng-cable-company/product-235903-2384489.html,2026-02-24
https://www.directindustry.com/prod/vossebelt/product-4566686-2568794.html,2026-02-24
https://www.directindustry.com/prod/clippard/product-7116-2338294.html,2026-02-24
https://pdf.directindustry.com/pdf/binder-co-ag/comec-binder-wastewater-clarification-plant-ic/89747-778773.html,2026-02-24
https://www.directindustry.com/prod/hytorc/product-8768-2631429.html,2026-02-24
https://www.directindustry.com/ja/prod/u-therm-international-hk-limited/product-65661-2002268.html,2026-02-24
https://pdf.directindustry.com/pdf/leroy-somer/motoreducteurs-de-puissance-fractionnaire-electromecanique/8355-789701.html,2026-02-24
https://www.directindustry.com/prod/festo/product-4735-2486097.html,2026-02-24
https://www.directindustry.com/prod/thytronic/product-27932-2441070.html,2026-02-24
https://www.directindustry.com/pt/prod/ace-stossdaempfer-gmbh/product-18835-1709879.html,2026-02-24
https://www.directindustry.com/industrial-manufacturer/high-performance-laser-source-283570.html,2026-02-24
https://www.directindustry.com/prod/yhdc-dechang-electric/product-160204-1631143.html,2026-02-24
https://www.directindustry.com/pt/prod/werner-electric-gmbh/product-65144-856147.html,2026-02-24
https://www.directindustry.com/pt/prod/telergon/product-83203-2505515.html,2026-02-24
https://www.directindustry.com/ja/prod/polylanema-lda/product-173823-2272386.html,2026-02-24
https://www.directindustry.com/prod/supmea-automation/product-222738-2377881.html,2026-02-24
https://www.directindustry.com/ja/prod/spirol/product-5446-1224807.html,2026-02-24
https://www.directindustry.com/prod/leica-geosystems/product-14324-538980.html,2026-02-24
https://www.directindustry.com/prod/nivell/product-111389-2139063.html,2026-02-24
https://www.directindustry.com/prod/tmt-machinery/product-172641-1780532.html,2026-02-24
https://www.directindustry.com/pt/fabricante-industrial/plataforma-elevatoria-tipo-tesoura-movel-237821-_2.html,2026-02-24
https://www.directindustry.com/industrial-manufacturer/controller-card-73387.html,2026-02-24
https://www.directindustry.com/prod/shanghai-nanhua-electronics-company/product-57364-2146015.html,2026-02-24
https://www.directindustry.com/ja/prod/fimm/product-193558-1938938.html,2026-02-24
https://www.directindustry.com/ja/prod/variscite/product-245307-2537693.html,2026-02-24
https://www.directindustry.com/prod/cuoghi-srl/product-35181-1601215.html,2026-02-24
https://www.directindustry.com/prod/polat-makina-sanayi-ve-ticaret-as/product-91291-1906651.html,2026-02-24
https://www.directindustry.com/ja/prod/bzt-maschinenbau-gmbh/product-100873-1409613.html,2026-02-24
https://www.directindustry.com/pt/prod/az-spa/product-51483-1835728.html,2026-02-24
https://www.directindustry.com/ja/prod/heidolph-instruments-gmbh-co-kg/product-98431-880587.html,2026-02-24
https://pdf.directindustry.com/pdf/ion-science-global/cub-117-ev-brochure/223218-964478.html,2026-02-24
https://www.directindustry.com/ja/prod/lni-swissgas/product-102231-2483310.html,2026-02-24
https://www.directindustry.com/pt/prod/zygo/product-18003-2516395.html,2026-02-24
https://pdf.directindustry.com/pdf/hexcel-corporation/redux-100-series/37685-676338.html,2026-02-24
https://www.directindustry.com/pt/fabricante-industrial/emulsificador-industria-alimenticia-222416.html,2026-02-24
https://www.directindustry.com/soc/remko-14895.html,2026-02-24
https://www.directindustry.com/ja/seizomoto-kogyo-bunya/kiwado-252763.html,2026-02-24
https://trends.directindustry.com/list/zhejiang-sonly-intelligent-equipment-co-ltd-140750.html,2026-02-24
https://trends.directindustry.com/j-r-technology-ltd/project-181597-1176352.html,2026-02-24
https://www.directindustry.com/pt/prod/pack-leader-machinery/product-96803-1629280.html,2026-02-24
https://www.directindustry.com/pt/prod/sodifa-esca/product-62164-409443.html,2026-02-24
https://www.directindustry.com/ja/prod/wavelength-opto-electronic-nanjing-co-ltd/product-206589-2563516.html,2026-02-24
https://www.directindustry.com/pt/prod/tajima/product-159275-2713285.html,2026-02-24
https://www.directindustry.com/prod/no-nail-boxes/product-30176-2274799.html,2026-02-24
https://www.directindustry.com/product-manufacturer/aro-directional-control-valve-82236-31808.html,2026-02-24
https://www.directindustry.com/pt/prod/dolav/product-22125-1895390.html,2026-02-24
https://www.directindustry.com/ja/prod/metal-work/product-594-1337867.html,2026-02-24
https://pdf.directindustry.com/pdf/bellegroup/ambassador-ms-500/60823-436381.html,2026-02-24
https://www.directindustry.com/ja/prod/zoolied-inc/product-4598311-2721910.html,2026-02-24
https://pdf.directindustry.com/pdf/panasonic-factory-automation-company/spv-dc/16044-987963.html,2026-02-24
https://www.directindustry.com/prod/ctr-norte-gmbh-cokg/product-83715-1009353.html,2026-02-24
https://www.directindustry.com/prod/hifi-filter-france/product-158875-2787711.html,2026-02-24
https://www.directindustry.com/prod/tm-robotics/product-20959-1990875.html,2026-02-24
https://www.directindustry.com/pt/fabricante-industrial/lixeira-aluminio-218418.html,2026-02-24
https://www.directindustry.com/prod/hywell-machinery-company/product-228668-2344062.html,2026-02-24
https://www.directindustry.com/pt/prod/purion-gmbh/product-201279-2075299.html,2026-02-24
https://www.directindustry.com/pt/prod/simex-sp-z-oo/product-37901-2652843.html,2026-02-24
https://www.directindustry.com/prod/jac-heavy-duty-construction-machine/product-228724-2748634.html,2026-02-24
https://www.directindustry.com/pt/prod/dezurik/product-28005-1367763.html,2026-02-24
https://www.directindustry.com/pt/prod/ejematic-243108.html,2026-02-24
https://www.directindustry.com/ja/prod/bruel-kjaer/product-17114-2005909.html,2026-02-24
https://www.directindustry.com/ja/prod/henan-yinfeng-plastic-co-ltd/product-200905-2360916.html,2026-02-24
https://www.directindustry.com/prod/acs-solutions-gmbh/product-124251-2714106.html,2026-02-24
https://www.directindustry.com/prod/ppsgb/product-32937-915271.html,2026-02-24
https://www.directindustry.com/pt/prod/shanghai-trisun-parts-manufacture-co-ltd/product-119973-2299037.html,2026-02-24
https://www.directindustry.com/pt/prod/beckhoff-automation/product-7183-2519075.html,2026-02-24
https://pdf.directindustry.com/pdf/smc-corporation-america/ler-series/15143-482825.html,2026-02-24
https://www.directindustry.com/ja/prod/caron-products-services-inc/product-99467-1274499.html,2026-02-24
https://pdf.directindustry.com/pdf/shanghai-zhaohui-pressure-apparatus-co-ltd-zhyq/zhyq-pt124b-123dt-auto-zero-flexible-melt-pressure-transmitter-palstic-extruder/180967-672229.html,2026-02-24
https://www.directindustry.com/prod/movetec-s/product-64489-1628360.html,2026-02-24
https://www.directindustry.com/pt/fabricante-industrial/rele-protecao-rs485-215974.html,2026-02-24
https://www.directindustry.com/prod/dpf-sensors/product-4600906-2797023.html,2026-02-24
https://pdf.directindustry.com/pdf/jet-edge/low-cost-waterjet-boss-cutter/11866-552643.html,2026-02-24
https://www.directindustry.com/prod/suzhou-suntop-laser-technology-co-ltd/product-157318-2555982.html,2026-02-24
https://www.directindustry.com/pt/prod/lb/product-34017-1455481.html,2026-02-24
https://www.directindustry.com/prod/adaro-tecnologia-sa/product-166269-2390496.html,2026-02-24
https://www.directindustry.com/ja/prod/jlg-industries-inc/product-9090-726801.html,2026-02-24
https://www.directindustry.com/pt/prod/chc-navigation-chcnav/product-174453-1993011.html,2026-02-24
https://www.directindustry.com/ja/prod/gett-asia-ltd/product-4603063-2779679.html,2026-02-24
https://www.directindustry.com/prod/tengzhou-tri-union-machinery-co-ltd/product-147760-2558483.html,2026-02-24
https://www.directindustry.com/pt/produto-fabricante/sensor-proximidade-material-plastico-ifm-149305-32261.html,2026-02-24
https://www.directindustry.com/prod/la-fonte/product-193589-1925350.html,2026-02-24
https://pdf.directindustry.com/pdf/foodmate-bv/killing-machine-double-blade/175438-660156.html,2026-02-24
https://www.directindustry.com/prod/starvac/product-201345-2264315.html,2026-02-24
https://www.directindustry.com/pt/prod/signalquest/product-115483-1159995.html,2026-02-24
https://www.directindustry.com/industrial-manufacturer/iatf-16949-injection-molding-275825.html,2026-02-24
https://www.directindustry.com/ja/prod/raisecom-technology-co-ltd/product-159647-2397088.html,2026-02-24
https://www.directindustry.com/ja/prod/working-process/product-92547-2087949.html,2026-02-24
https://www.directindustry.com/ja/seizomoto-kogyo-bunya/kiwado-228473-_3.html,2026-02-24
https://www.directindustry.com/prod/wuxi-zhanghua-pharmaceutical-equipment-co-ltd-4595932.html,2026-02-24
https://www.directindustry.com/pt/prod/saurer-schlafhorst/product-172463-2575362.html,2026-02-24
https://www.directindustry.com/ja/prod/brovind-vibratori-spa/product-110085-2564450.html,2026-02-24
https://www.directindustry.com/pt/prod/hansford-sensors/product-40245-539008.html,2026-02-24
https://pdf.directindustry.com/ja/pdf-en/lb-bohle-maschinen-und-verfahren-gmbh/coating-technology-by-bohle/55637-629538.html,2026-02-24
https://www.directindustry.com/pt/prod/covemat/product-235574-2494960.html,2026-02-24
https://www.directindustry.com/pt/prod/vapo-techniek-bv/product-105869-2288757.html,2026-02-24
https://pdf.directindustry.com/pdf/nufern/lma-ydf-25-250-viii/29526-575572.html,2026-02-24
https://www.directindustry.com/ja/prod/normalab-sa/product-107825-2593574.html,2026-02-24
https://www.directindustry.com/pt/prod/san-marco/product-4570212-2600033.html,2026-02-24
https://www.directindustry.com/prod/lanico-maschinenbau-otto-niemsch-gmbh/product-96261-2525135.html,2026-02-24
https://www.directindustry.com/pt/prod/teco-electric-machinery-co-ltd/product-161081-1655708.html,2026-02-24
https://pdf.directindustry.com/pdf/allu-finland-oy-ltd/allu-sc-series-screener-crushers/64182-129938.html,2026-02-24
https://www.directindustry.com/prod/dematic/product-32730-2675889.html,2026-02-24
https://www.directindustry.com/prod/miretu/product-4619285-2827972.html,2026-02-24
https://www.directindustry.com/pt/prod/ellona/product-4618565-2827541.html,2026-02-24
https://www.directindustry.com/product-manufacturer/abb-applications-motor-274848-31751.html,2026-02-24
https://www.directindustry.com/industrial-manufacturer/monitoring-control-system-111089-_2.html,2026-02-24
https://www.directindustry.com/prod/xometry-europe/product-247790-2523856.html,2026-02-24
https://www.directindustry.com/pt/prod/horizon-technology-inc/product-92535-983539.html,2026-02-24
https://www.directindustry.com/prod/zhengxi-hydraulic/product-232769-2685338.html,2026-02-24
https://www.directindustry.com/ja/prod/associated-research/product-9125-23864.html,2026-02-24
https://www.directindustry.com/pt/prod/bobcat/product-31379-1180867.html,2026-02-24
https://pdf.directindustry.com/pdf/circontrol-sa/cirfire/29259-212953.html,2026-02-24
https://trends.directindustry.com/fixtureworks/project-54055-1150300.html,2026-02-24
https://www.directindustry.com/prod/asco/product-7472-1553168.html,2026-02-24
https://www.directindustry.com/pt/prod/everel-group-spa/product-19852-836025.html,2026-02-24
https://www.directindustry.com/prod/turatti/product-162310-1763700.html,2026-02-24
https://pdf.directindustry.com/pdf/acnodes-corporation/kd9258/141436-611146.html,2026-02-24
https://www.directindustry.com/pt/prod/the-lee-company/product-5322-2803789.html,2026-02-24
https://www.directindustry.com/soc/optical-gaging-products-7160.html,2026-02-24
https://www.directindustry.com/pt/prod/romberger-josef-maschinenfabrik-gmbh/product-4567109-2749350.html,2026-02-24
https://www.directindustry.com/pt/prod/qingdao-hongyu-cles-air-conditioning-co-ltd-228653.html,2026-02-24
https://pdf.directindustry.com/pdf/euchner-gmbh-co-kg/safety-switch-cts/7337-1124327.html,2026-02-24
https://www.directindustry.com/pt/prod/kasco-srl/product-86985-2629498.html,2026-02-24
https://www.directindustry.com/pt/prod/newall/product-6139-2504803.html,2026-02-24
https://www.directindustry.com/prod/dinalager-sl/product-121245-1336067.html,2026-02-24
https://www.directindustry.com/prod/porter-cable/product-102769-2539901.html,2026-02-24
https://www.directindustry.com/prod/elsisan/product-216153-2284289.html,2026-02-24
https://www.directindustry.com/pt/produto-fabricante/cortina-luz-reer-79704-35656.html,2026-02-24
https://www.directindustry.com/ja/seihin-seizomoto/cenono-fang-shuisurippuringu-91468-33941.html,2026-02-24
https://www.directindustry.com/pt/prod/dmg-mori/product-5973-2578490.html,2026-02-24
https://www.directindustry.com/ja/prod/qingdao-hyrubbers-co-ltd/product-228662-2341514.html,2026-02-24
https://www.directindustry.com/prod/incomef/product-89083-2380207.html,2026-02-24
https://www.directindustry.com/prod/spraying-systems-co/product-5300-2463736.html,2026-02-24
https://www.directindustry.com/prod/statec-binder-gmbh/product-4567867-2652623.html,2026-02-24
https://www.directindustry.com/industrial-manufacturer/electronic-flow-sensor-187917.html,2026-02-24
https://www.directindustry.com/prod/bodo-ehmann-gmbh/product-190139-2757677.html,2026-02-24
https://www.directindustry.com/prod/mhiae/product-123931-1469043.html,2026-02-24
https://pdf.directindustry.com/pdf/kel-corporation/8900-series/161474-619778.html,2026-02-24
https://www.directindustry.com/ja/prod/precisa-gravimetrics-ag/product-13917-32414.html,2026-02-24
https://www.directindustry.com/prod/seetru-limited/product-62085-953621.html,2026-02-24
https://www.directindustry.com/ja/seizomoto-kogyo-bunya/kiwado-137488.html,2026-02-24
https://www.directindustry.com/pt/prod/brosa-ag/product-61546-394278.html,2026-02-24
https://www.directindustry.com/pt/fabricante-industrial/empilhadeira-lateral-eletrica-235837.html,2026-02-24
https://www.directindustry.com/prod/mindman-industrial/product-16430-1977998.html,2026-02-24
https://www.directindustry.com/ja/prod/nordson-adhesive-dispensing/product-25294-2542311.html,2026-02-24
https://www.directindustry.com/ja/prod/unopex/product-240043-2436276.html,2026-02-24
https://www.directindustry.com/prod/ok-vise/product-27215-2644656.html,2026-02-24
https://www.directindustry.com/prod/vcsp-ltd-4570314.html,2026-02-24
https://www.directindustry.com/industrial-manufacturer/female-valve-143938.html,2026-02-24
https://pdf.directindustry.com/pdf/ecofil-spol-s-ro/sn240-model-tr-6xecotower/4606294-1108911.html,2026-02-24
https://www.directindustry.com/ja/seizomoto-kogyo-bunya/kiwado-111954.html,2026-02-24
https://www.directindustry.com/ja/seizomoto-kogyo-bunya/kiwado-158161.html,2026-02-24
https://pdf.directindustry.com/pdf/data-detection-technologies-ltd/diamond-counter-d-jr/118733-1012450.html,2026-02-24
https://www.directindustry.com/pt/prod/shanghai-yuanben-magnetoelectric-technology/product-54753-2377394.html,2026-02-24
https://www.directindustry.com/ja/prod/auer-packaging-gmbh/product-60285-1333559.html,2026-02-24
https://www.directindustry.com/ja/prod/friess-gmbh/product-83893-1743585.html,2026-02-24
https://www.directindustry.com/prod/eti/product-26771-476872.html,2026-02-24
https://www.directindustry.com/prod/wuhan-maiwe-communication-co-ltd/product-233316-2563814.html,2026-02-24
https://www.directindustry.com/pt/prod/epiroc/product-59040-1587996.html,2026-02-24
https://www.directindustry.com/pt/prod/neri-spa/product-167015-2533387.html,2026-02-24
https://www.directindustry.com/pt/prod/pwb-encoders-gmbh/product-4595031-2719024.html,2026-02-24
https://www.directindustry.com/pt/prod/grupo-spec/product-98597-1701180.html,2026-02-24
https://www.directindustry.com/prod/irudek-2000-sl/product-69543-1265857.html,2026-02-24
https://www.directindustry.com/ja/prod/shandong-hengwang-group-co-ltd/product-4600704-2710454.html,2026-02-24
https://www.directindustry.com/pt/prod/fabplus/product-234472-2357692.html,2026-02-24
https://www.directindustry.com/ja/prod/premo/product-50493-2362464.html,2026-02-24
https://www.directindustry.com/ja/prod/4cr-kwk-holding-gmbh-co-kg/product-221321-2295515.html,2026-02-24
https://www.directindustry.com/ja/prod/gemels-spa-117069.html,2026-02-24
https://pdf.directindustry.com/pdf/laservision-gmbh-cokg/laservision-catalogue-edition-32-industry-research/39097-1011195.html,2026-02-24
https://pdf.directindustry.com/pdf/spectron-gas-control-systems-gmbh/em65-ac/79751-607885.html,2026-02-24
https://www.directindustry.com/pt/prod/henan-baichy-machinery-equipment-co-ltd/product-242355-2463596.html,2026-02-24
https://www.directindustry.com/prod/caen-rfid/product-113435-2324054.html,2026-02-24
https://www.directindustry.com/prod/ferrari-cigarini-srl/product-212365-2291148.html,2026-02-24
https://www.directindustry.com/ja/prod/hydra-tech-pumps/product-54680-360424.html,2026-02-24
https://www.directindustry.com/ja/prod/fnp-group/product-19905-1547043.html,2026-02-24
https://www.directindustry.com/pt/prod/tyrolit-schleifmittelwerke-swarovski-ag-co-kg/product-37270-2696967.html,2026-02-24
https://www.directindustry.com/ja/prod/alutec-group-srl/product-183191-2780670.html,2026-02-24
https://www.directindustry.com/pt/prod/ciclo-fapril-sa/product-4608612-2763369.html,2026-02-24
https://www.directindustry.com/pt/prod/s-type-ltd-co/product-244858-2594209.html,2026-02-24
https://www.directindustry.com/industrial-manufacturer/vial-capping-machine-268770.html,2026-02-24
https://pdf.directindustry.com/pdf/riello-ups/netman-204-environmental-sensors/12520-790723.html,2026-02-24
https://www.directindustry.com/pt/prod/agro/product-21006-2665094.html,2026-02-24
https://pdf.directindustry.com/pdf/chauvin-arnoux/dn-series/7692-999682.html,2026-02-24
https://www.directindustry.com/ja/prod/balconi/product-27864-1300471.html,2026-02-24
https://www.directindustry.com/pt/prod/hq-pumps-srl/product-4599719-2805443.html,2026-02-24
https://pdf.directindustry.com/pdf/cielle/beta-65x45/9360-226683.html,2026-02-24
https://www.directindustry.com/prod/carl-stahl-gmbh/product-9317-1180325.html,2026-02-24
https://www.directindustry.com/pt/prod/riggs-auto-pack-ltd/product-176967-1795197.html,2026-02-24
https://www.directindustry.com/ja/prod/abb-measurement-analytics/product-56271-912963.html,2026-02-24
https://www.directindustry.com/pt/prod/sumitomo-electric-hartmetall-gmbh/product-16295-2556967.html,2026-02-24
https://www.directindustry.com/prod/yageo/product-34786-570544.html,2026-02-24
https://www.directindustry.com/ja/prod/pico-technology/product-15090-698243.html,2026-02-24
https://www.directindustry.com/prod/gilgen-door-systems-ag/product-21658-2108027.html,2026-02-24
https://www.directindustry.com/pt/prod/rosit-gmbh/product-4605399-2823701.html,2026-02-24
https://www.directindustry.com/prod/intewa-gmbh-90623.html,2026-02-24
https://www.directindustry.com/prod/ningbo-phen-automation-co-ltd/product-4609069-2777761.html,2026-02-24
https://www.directindustry.com/pt/prod/briggs-and-stratton/product-18493-772587.html,2026-02-24
https://www.directindustry.com/prod/laryee-technology-co-ltd/product-4570006-2589626.html,2026-02-24
https://pdf.directindustry.com/pdf/kent-industrial/kent-cnc-mh-800-cnc-horizontal-machining-center-without-apc/18544-726119.html,2026-02-24
https://www.directindustry.com/ja/prod/neuhaus-neotec-37591.html,2026-02-24
https://www.directindustry.com/pt/prod/excelitas-technologies-omnicure/product-168489-2436629.html,2026-02-24
https://guide.directindustry.com/de/page/5/,2026-02-24
https://www.directindustry.com/prod/socla/product-8546-595701.html,2026-02-24
https://www.directindustry.com/prod/suzhou-suntop-laser-technology-co-ltd/product-157318-1987726.html,2026-02-24
https://www.directindustry.com/ja/prod/andantex-usa-inc/product-80527-1710353.html,2026-02-24
https://www.directindustry.com/prod/manitex/product-85399-1455239.html,2026-02-24
https://www.directindustry.com/prod/wood-mizer/product-29584-1227349.html,2026-02-24
https://www.directindustry.com/prod/gmn/product-11884-2571277.html,2026-02-24
https://pdf.directindustry.com/pdf/autotronic-enterprise-co-ltd-aecl/aecl-aqd-101-lora/40662-964457.html,2026-02-24
https://www.directindustry.com/prod/caldaro-ab/product-36354-2509623.html,2026-02-24
https://www.directindustry.com/ja/prod/littelfuse/product-17136-2381210.html,2026-02-24
https://pdf.directindustry.com/pdf/everdigm/concrete-pump-truck-catalogue/56764-89898.html,2026-02-24
https://pdf.directindustry.com/pdf/jc-cherry-inc/burn-in-test-socket-gu15-frame-series/4560550-1075377.html,2026-02-24
https://pdf.directindustry.com/pdf/ex-machinery/atex-fan-coil-heater-wwh-ex-series/187967-741614.html,2026-02-24
https://www.directindustry.com/industrial-manufacturer/electric-excavator-210703.html,2026-02-24
https://www.directindustry.com/ja/prod/boscaro-srl/product-63962-940117.html,2026-02-24
https://www.directindustry.com/industrial-manufacturer/oil-viscometer-283588.html,2026-02-24
https://pdf.directindustry.com/pdf/liebherr-cranes/new-280-hc-l-luffing-jib-crane/16233-982914.html,2026-02-24
https://www.directindustry.com/pt/prod/gascat/product-4596496-2660426.html,2026-02-24
https://www.directindustry.com/ja/prod/zhengzhou-winsen-electronics-technology-co-ltd/product-244812-2710567.html,2026-02-24
https://www.directindustry.com/product-manufacturer/pasternack-bnc-connector-80966-35489.html,2026-02-24
https://www.directindustry.com/pt/prod/camp-srl/product-162167-2668128.html,2026-02-24
https://www.directindustry.com/pt/prod/black-box/product-200425-2717908.html,2026-02-24
https://trends.directindustry.com/type/industry-news-3-_37.html,2026-02-24